<?xml version="1.0" encoding="UTF-8" standalone="yes"?>  <DATAPACKET Version="2.0"><METADATA><FIELDS><FIELD attrname="POS_ID" fieldtype="i4" required="true"><PARAM Name="ORIGIN" Value="PAYCHECKS.POS_ID" Roundtrip="True"/></FIELD><FIELD attrname="SMENA_ID" fieldtype="i4" required="true"><PARAM Name="ORIGIN" Value="PAYCHECKS.SMENA_ID" Roundtrip="True"/></FIELD><FIELD attrname="CHECKNO" fieldtype="i4" required="true"><PARAM Name="ORIGIN" Value="PAYCHECKS.CHECKNO" Roundtrip="True"/></FIELD><FIELD attrname="SUMMA" fieldtype="fixed" DECIMALS="2" WIDTH="18"><PARAM Name="ORIGIN" Value="PAYCHECKS.SUMMA" Roundtrip="True"/></FIELD><FIELD attrname="EKR_CHECKNO" fieldtype="i4"><PARAM Name="ORIGIN" Value="PAYCHECKS.EKR_CHECKNO" Roundtrip="True"/></FIELD><FIELD attrname="EKR_SUMMA" fieldtype="fixed" DECIMALS="2" WIDTH="18"><PARAM Name="ORIGIN" Value="PAYCHECKS.EKR_SUMMA" Roundtrip="True"/></FIELD><FIELD attrname="STAMP" fieldtype="dateTime"><PARAM Name="ORIGIN" Value="PAYCHECKS.STAMP" Roundtrip="True"/></FIELD><FIELD attrname="PUBLISHED" fieldtype="string" SUBTYPE="FixedChar" WIDTH="1"><PARAM Name="ORIGIN" Value="PAYCHECKS.PUBLISHED" Roundtrip="True"/></FIELD><FIELD attrname="RET" fieldtype="i2"><PARAM Name="ORIGIN" Value="PAYCHECKS.RET" Roundtrip="True"/></FIELD><FIELD attrname="M_MALE" fieldtype="i2"><PARAM Name="ORIGIN" Value="PAYCHECKS.M_MALE" Roundtrip="True"/></FIELD><FIELD attrname="M_AGE" fieldtype="i2"><PARAM Name="ORIGIN" Value="PAYCHECKS.M_AGE" Roundtrip="True"/></FIELD><FIELD attrname="ZAKAZNO" fieldtype="i4"><PARAM Name="ORIGIN" Value="PAYCHECKS.ZAKAZNO" Roundtrip="True"/></FIELD></FIELDS><PARAMS/></METADATA><ROWDATA><ROW POS_ID="4" SMENA_ID="1585" CHECKNO="109822" SUMMA="50.00" EKR_CHECKNO="0" EKR_SUMMA="50.00" STAMP="20180924T12:15:26000" PUBLISHED="U" RET="0" M_MALE="0" M_AGE="0" ZAKAZNO="11"/><ROW POS_ID="4" SMENA_ID="1585" CHECKNO="109823" SUMMA="65.00" EKR_CHECKNO="0" EKR_SUMMA="65.00" STAMP="20180924T12:25:36000" PUBLISHED="U" RET="0" M_MALE="0" M_AGE="0" ZAKAZNO="12"/><ROW POS_ID="4" SMENA_ID="1585" CHECKNO="109824" SUMMA="88.00" EKR_CHECKNO="0" EKR_SUMMA="88.00" STAMP="20180924T13:23:40000" PUBLISHED="U" RET="0" M_MALE="0" M_AGE="0" ZAKAZNO="13"/><ROW POS_ID="4" SMENA_ID="1585" CHECKNO="109825" SUMMA="48.00" EKR_CHECKNO="0" EKR_SUMMA="48.00" STAMP="20180924T13:44:55000" PUBLISHED="U" RET="0" M_MALE="0" M_AGE="0" ZAKAZNO="14"/><ROW POS_ID="4" SMENA_ID="1585" CHECKNO="109826" SUMMA="6.00" EKR_CHECKNO="0" EKR_SUMMA="6.00" STAMP="20180924T13:46:48000" PUBLISHED="U" RET="0" M_MALE="0" M_AGE="0" ZAKAZNO="15"/><ROW POS_ID="4" SMENA_ID="1585" CHECKNO="109827" SUMMA="38.00" EKR_CHECKNO="0" EKR_SUMMA="38.00" STAMP="20180924T14:10:02000" PUBLISHED="U" RET="0" M_MALE="0" M_AGE="0" ZAKAZNO="16"/><ROW POS_ID="4" SMENA_ID="1585" CHECKNO="109828" SUMMA="30.00" EKR_CHECKNO="0" EKR_SUMMA="30.00" STAMP="20180924T14:18:40000" PUBLISHED="U" RET="0" M_MALE="0" M_AGE="0" ZAKAZNO="17"/><ROW POS_ID="4" SMENA_ID="1585" CHECKNO="109829" SUMMA="29.00" EKR_CHECKNO="0" EKR_SUMMA="29.00" STAMP="20180924T14:58:30000" PUBLISHED="U" RET="0" M_MALE="0" M_AGE="0" ZAKAZNO="18"/><ROW POS_ID="4" SMENA_ID="1585" CHECKNO="109830" SUMMA="92.00" EKR_CHECKNO="0" EKR_SUMMA="92.00" STAMP="20180924T15:04:02000" PUBLISHED="U" RET="0" M_MALE="0" M_AGE="0" ZAKAZNO="19"/><ROW POS_ID="4" SMENA_ID="1585" CHECKNO="109831" SUMMA="39.00" EKR_CHECKNO="0" EKR_SUMMA="39.00" STAMP="20180924T15:13:39000" PUBLISHED="U" RET="0" M_MALE="0" M_AGE="0" ZAKAZNO="20"/><ROW POS_ID="4" SMENA_ID="1585" CHECKNO="109832" SUMMA="21.00" EKR_CHECKNO="0" EKR_SUMMA="21.00" STAMP="20180924T15:19:51000" PUBLISHED="U" RET="0" M_MALE="0" M_AGE="0" ZAKAZNO="21"/><ROW POS_ID="4" SMENA_ID="1585" CHECKNO="109833" SUMMA="29.00" EKR_CHECKNO="0" EKR_SUMMA="29.00" STAMP="20180924T15:24:35000" PUBLISHED="U" RET="0" M_MALE="0" M_AGE="0" ZAKAZNO="22"/><ROW POS_ID="4" SMENA_ID="1585" CHECKNO="109834" SUMMA="39.00" EKR_CHECKNO="0" EKR_SUMMA="39.00" STAMP="20180924T15:51:54000" PUBLISHED="U" RET="0" M_MALE="0" M_AGE="0" ZAKAZNO="23"/><ROW POS_ID="4" SMENA_ID="1585" CHECKNO="109835" SUMMA="30.00" EKR_CHECKNO="0" EKR_SUMMA="30.00" STAMP="20180924T15:55:07000" PUBLISHED="U" RET="0" M_MALE="0" M_AGE="0" ZAKAZNO="24"/><ROW POS_ID="4" SMENA_ID="1585" CHECKNO="109836" SUMMA="137.00" EKR_CHECKNO="0" EKR_SUMMA="137.00" STAMP="20180924T16:44:44000" PUBLISHED="U" RET="0" M_MALE="0" M_AGE="0" ZAKAZNO="25"/><ROW POS_ID="4" SMENA_ID="1585" CHECKNO="109837" SUMMA="75.00" EKR_CHECKNO="0" EKR_SUMMA="75.00" STAMP="20180924T16:55:21000" PUBLISHED="U" RET="0" M_MALE="0" M_AGE="0" ZAKAZNO="26"/><ROW POS_ID="4" SMENA_ID="1585" CHECKNO="109838" SUMMA="52.00" EKR_CHECKNO="0" EKR_SUMMA="52.00" STAMP="20180924T17:54:55000" PUBLISHED="U" RET="0" M_MALE="0" M_AGE="0" ZAKAZNO="27"/><ROW POS_ID="4" SMENA_ID="1585" CHECKNO="109839" SUMMA="82.00" EKR_CHECKNO="0" EKR_SUMMA="82.00" STAMP="20180924T18:38:26000" PUBLISHED="U" RET="0" M_MALE="0" M_AGE="0" ZAKAZNO="28"/><ROW POS_ID="4" SMENA_ID="1586" CHECKNO="109840" SUMMA="33.00" EKR_CHECKNO="0" EKR_SUMMA="33.00" STAMP="20180925T09:54:24000" PUBLISHED="U" RET="0" M_MALE="0" M_AGE="0" ZAKAZNO="1"/><ROW POS_ID="4" SMENA_ID="1586" CHECKNO="109841" SUMMA="8.00" EKR_CHECKNO="0" EKR_SUMMA="8.00" STAMP="20180925T11:01:47000" PUBLISHED="U" RET="0" M_MALE="0" M_AGE="0" ZAKAZNO="2"/><ROW POS_ID="4" SMENA_ID="1586" CHECKNO="109842" SUMMA="102.00" EKR_CHECKNO="0" EKR_SUMMA="102.00" STAMP="20180925T11:07:27000" PUBLISHED="U" RET="0" M_MALE="0" M_AGE="0" ZAKAZNO="3"/><ROW POS_ID="4" SMENA_ID="1586" CHECKNO="109843" SUMMA="12.00" EKR_CHECKNO="0" EKR_SUMMA="12.00" STAMP="20180925T11:14:19000" PUBLISHED="U" RET="0" M_MALE="0" M_AGE="0" ZAKAZNO="4"/><ROW POS_ID="4" SMENA_ID="1586" CHECKNO="109844" SUMMA="29.00" EKR_CHECKNO="0" EKR_SUMMA="29.00" STAMP="20180925T11:14:54000" PUBLISHED="U" RET="0" M_MALE="0" M_AGE="0" ZAKAZNO="5"/><ROW POS_ID="4" SMENA_ID="1586" CHECKNO="109845" SUMMA="33.00" EKR_CHECKNO="0" EKR_SUMMA="33.00" STAMP="20180925T11:17:50000" PUBLISHED="U" RET="0" M_MALE="0" M_AGE="0" ZAKAZNO="6"/><ROW POS_ID="4" SMENA_ID="1586" CHECKNO="109846" SUMMA="13.00" EKR_CHECKNO="0" EKR_SUMMA="13.00" STAMP="20180925T11:37:36000" PUBLISHED="U" RET="0" M_MALE="0" M_AGE="0" ZAKAZNO="7"/></ROWDATA></DATAPACKET>