<?xml version="1.0" encoding="UTF-8" standalone="yes"?>  <DATAPACKET Version="2.0"><METADATA><FIELDS><FIELD attrname="POS_ID" fieldtype="i4" required="true"><PARAM Name="ORIGIN" Value="PAYCHECKS_TB.POS_ID" Roundtrip="True"/></FIELD><FIELD attrname="CHECKNO" fieldtype="i4" required="true"><PARAM Name="ORIGIN" Value="PAYCHECKS_TB.CHECKNO" Roundtrip="True"/></FIELD><FIELD attrname="STRNO" fieldtype="i2" required="true"><PARAM Name="ORIGIN" Value="PAYCHECKS_TB.STRNO" Roundtrip="True"/></FIELD><FIELD attrname="TOVAR_ID" fieldtype="i4" required="true"><PARAM Name="ORIGIN" Value="PAYCHECKS_TB.TOVAR_ID" Roundtrip="True"/></FIELD><FIELD attrname="KVO" fieldtype="i2"><PARAM Name="ORIGIN" Value="PAYCHECKS_TB.KVO" Roundtrip="True"/></FIELD><FIELD attrname="PRICE" fieldtype="fixed" DECIMALS="2" WIDTH="18"><PARAM Name="ORIGIN" Value="PAYCHECKS_TB.PRICE" Roundtrip="True"/></FIELD><FIELD attrname="SUMMA" fieldtype="fixed" DECIMALS="2" WIDTH="18"><PARAM Name="ORIGIN" Value="PAYCHECKS_TB.SUMMA" Roundtrip="True"/></FIELD><FIELD attrname="PUBLISHED" fieldtype="string" required="true" SUBTYPE="FixedChar" WIDTH="1"><PARAM Name="ORIGIN" Value="PAYCHECKS_TB.PUBLISHED" Roundtrip="True"/></FIELD><FIELD attrname="ROW_NPP" fieldtype="i4"><PARAM Name="ORIGIN" Value="PAYCHECKS_TB.ROW_NPP" Roundtrip="True"/></FIELD></FIELDS><PARAMS/></METADATA><ROWDATA><ROW POS_ID="4" CHECKNO="109822" STRNO="1" TOVAR_ID="672" KVO="1" PRICE="20.00" SUMMA="20.00" PUBLISHED="N" ROW_NPP="0"/><ROW POS_ID="4" CHECKNO="109822" STRNO="2" TOVAR_ID="36" KVO="1" PRICE="6.00" SUMMA="6.00" PUBLISHED="N" ROW_NPP="1"/><ROW POS_ID="4" CHECKNO="109822" STRNO="3" TOVAR_ID="7" KVO="1" PRICE="17.00" SUMMA="17.00" PUBLISHED="N" ROW_NPP="0"/><ROW POS_ID="4" CHECKNO="109822" STRNO="4" TOVAR_ID="23" KVO="1" PRICE="7.00" SUMMA="7.00" PUBLISHED="N" ROW_NPP="3"/><ROW POS_ID="4" CHECKNO="109823" STRNO="1" TOVAR_ID="20" KVO="2" PRICE="14.00" SUMMA="28.00" PUBLISHED="N" ROW_NPP="0"/><ROW POS_ID="4" CHECKNO="109823" STRNO="2" TOVAR_ID="218" KVO="2" PRICE="9.00" SUMMA="18.00" PUBLISHED="N" ROW_NPP="1"/><ROW POS_ID="4" CHECKNO="109823" STRNO="3" TOVAR_ID="48" KVO="2" PRICE="6.00" SUMMA="12.00" PUBLISHED="N" ROW_NPP="1"/><ROW POS_ID="4" CHECKNO="109823" STRNO="4" TOVAR_ID="60" KVO="1" PRICE="7.00" SUMMA="7.00" PUBLISHED="N" ROW_NPP="0"/><ROW POS_ID="4" CHECKNO="109824" STRNO="1" TOVAR_ID="7" KVO="4" PRICE="17.00" SUMMA="68.00" PUBLISHED="N" ROW_NPP="0"/><ROW POS_ID="4" CHECKNO="109824" STRNO="2" TOVAR_ID="27" KVO="4" PRICE="5.00" SUMMA="20.00" PUBLISHED="N" ROW_NPP="1"/><ROW POS_ID="4" CHECKNO="109825" STRNO="1" TOVAR_ID="7" KVO="1" PRICE="17.00" SUMMA="17.00" PUBLISHED="N" ROW_NPP="0"/><ROW POS_ID="4" CHECKNO="109825" STRNO="2" TOVAR_ID="26" KVO="1" PRICE="9.00" SUMMA="9.00" PUBLISHED="N" ROW_NPP="1"/><ROW POS_ID="4" CHECKNO="109825" STRNO="3" TOVAR_ID="23" KVO="1" PRICE="7.00" SUMMA="7.00" PUBLISHED="N" ROW_NPP="1"/><ROW POS_ID="4" CHECKNO="109825" STRNO="4" TOVAR_ID="34" KVO="1" PRICE="6.00" SUMMA="6.00" PUBLISHED="N" ROW_NPP="1"/><ROW POS_ID="4" CHECKNO="109825" STRNO="5" TOVAR_ID="533" KVO="1" PRICE="9.00" SUMMA="9.00" PUBLISHED="N" ROW_NPP="0"/><ROW POS_ID="4" CHECKNO="109826" STRNO="1" TOVAR_ID="14" KVO="1" PRICE="6.00" SUMMA="6.00" PUBLISHED="N" ROW_NPP="0"/><ROW POS_ID="4" CHECKNO="109827" STRNO="1" TOVAR_ID="7" KVO="1" PRICE="17.00" SUMMA="17.00" PUBLISHED="N" ROW_NPP="0"/><ROW POS_ID="4" CHECKNO="109827" STRNO="2" TOVAR_ID="23" KVO="1" PRICE="7.00" SUMMA="7.00" PUBLISHED="N" ROW_NPP="1"/><ROW POS_ID="4" CHECKNO="109827" STRNO="3" TOVAR_ID="17" KVO="1" PRICE="14.00" SUMMA="14.00" PUBLISHED="N" ROW_NPP="0"/><ROW POS_ID="4" CHECKNO="109828" STRNO="1" TOVAR_ID="9" KVO="1" PRICE="17.00" SUMMA="17.00" PUBLISHED="N" ROW_NPP="0"/><ROW POS_ID="4" CHECKNO="109828" STRNO="2" TOVAR_ID="23" KVO="1" PRICE="7.00" SUMMA="7.00" PUBLISHED="N" ROW_NPP="1"/><ROW POS_ID="4" CHECKNO="109828" STRNO="3" TOVAR_ID="36" KVO="1" PRICE="6.00" SUMMA="6.00" PUBLISHED="N" ROW_NPP="1"/><ROW POS_ID="4" CHECKNO="109829" STRNO="1" TOVAR_ID="10" KVO="1" PRICE="16.00" SUMMA="16.00" PUBLISHED="N" ROW_NPP="0"/><ROW POS_ID="4" CHECKNO="109829" STRNO="2" TOVAR_ID="23" KVO="1" PRICE="7.00" SUMMA="7.00" PUBLISHED="N" ROW_NPP="1"/><ROW POS_ID="4" CHECKNO="109829" STRNO="3" TOVAR_ID="35" KVO="1" PRICE="6.00" SUMMA="6.00" PUBLISHED="N" ROW_NPP="1"/><ROW POS_ID="4" CHECKNO="109830" STRNO="1" TOVAR_ID="36" KVO="1" PRICE="6.00" SUMMA="6.00" PUBLISHED="N" ROW_NPP="0"/><ROW POS_ID="4" CHECKNO="109830" STRNO="2" TOVAR_ID="10" KVO="2" PRICE="16.00" SUMMA="32.00" PUBLISHED="N" ROW_NPP="0"/><ROW POS_ID="4" CHECKNO="109830" STRNO="3" TOVAR_ID="26" KVO="2" PRICE="9.00" SUMMA="18.00" PUBLISHED="N" ROW_NPP="2"/><ROW POS_ID="4" CHECKNO="109830" STRNO="4" TOVAR_ID="625" KVO="3" PRICE="12.00" SUMMA="36.00" PUBLISHED="N" ROW_NPP="0"/><ROW POS_ID="4" CHECKNO="109831" STRNO="1" TOVAR_ID="7" KVO="1" PRICE="17.00" SUMMA="17.00" PUBLISHED="N" ROW_NPP="0"/><ROW POS_ID="4" CHECKNO="109831" STRNO="2" TOVAR_ID="26" KVO="1" PRICE="9.00" SUMMA="9.00" PUBLISHED="N" ROW_NPP="1"/><ROW POS_ID="4" CHECKNO="109831" STRNO="3" TOVAR_ID="23" KVO="1" PRICE="7.00" SUMMA="7.00" PUBLISHED="N" ROW_NPP="1"/><ROW POS_ID="4" CHECKNO="109831" STRNO="4" TOVAR_ID="36" KVO="1" PRICE="6.00" SUMMA="6.00" PUBLISHED="N" ROW_NPP="1"/><ROW POS_ID="4" CHECKNO="109832" STRNO="1" TOVAR_ID="625" KVO="1" PRICE="12.00" SUMMA="12.00" PUBLISHED="N" ROW_NPP="0"/><ROW POS_ID="4" CHECKNO="109832" STRNO="2" TOVAR_ID="533" KVO="1" PRICE="9.00" SUMMA="9.00" PUBLISHED="N" ROW_NPP="0"/><ROW POS_ID="4" CHECKNO="109833" STRNO="1" TOVAR_ID="10" KVO="1" PRICE="16.00" SUMMA="16.00" PUBLISHED="N" ROW_NPP="0"/><ROW POS_ID="4" CHECKNO="109833" STRNO="2" TOVAR_ID="23" KVO="1" PRICE="7.00" SUMMA="7.00" PUBLISHED="N" ROW_NPP="1"/><ROW POS_ID="4" CHECKNO="109833" STRNO="3" TOVAR_ID="34" KVO="1" PRICE="6.00" SUMMA="6.00" PUBLISHED="N" ROW_NPP="1"/><ROW POS_ID="4" CHECKNO="109834" STRNO="1" TOVAR_ID="7" KVO="1" PRICE="17.00" SUMMA="17.00" PUBLISHED="N" ROW_NPP="0"/><ROW POS_ID="4" CHECKNO="109834" STRNO="2" TOVAR_ID="26" KVO="1" PRICE="9.00" SUMMA="9.00" PUBLISHED="N" ROW_NPP="1"/><ROW POS_ID="4" CHECKNO="109834" STRNO="3" TOVAR_ID="23" KVO="1" PRICE="7.00" SUMMA="7.00" PUBLISHED="N" ROW_NPP="1"/><ROW POS_ID="4" CHECKNO="109834" STRNO="4" TOVAR_ID="36" KVO="1" PRICE="6.00" SUMMA="6.00" PUBLISHED="N" ROW_NPP="1"/><ROW POS_ID="4" CHECKNO="109835" STRNO="1" TOVAR_ID="6" KVO="1" PRICE="17.00" SUMMA="17.00" PUBLISHED="N" ROW_NPP="0"/><ROW POS_ID="4" CHECKNO="109835" STRNO="2" TOVAR_ID="23" KVO="1" PRICE="7.00" SUMMA="7.00" PUBLISHED="N" ROW_NPP="1"/><ROW POS_ID="4" CHECKNO="109835" STRNO="3" TOVAR_ID="34" KVO="1" PRICE="6.00" SUMMA="6.00" PUBLISHED="N" ROW_NPP="1"/><ROW POS_ID="4" CHECKNO="109836" STRNO="1" TOVAR_ID="7" KVO="1" PRICE="17.00" SUMMA="17.00" PUBLISHED="N" ROW_NPP="0"/><ROW POS_ID="4" CHECKNO="109836" STRNO="2" TOVAR_ID="23" KVO="1" PRICE="7.00" SUMMA="7.00" PUBLISHED="N" ROW_NPP="1"/><ROW POS_ID="4" CHECKNO="109836" STRNO="3" TOVAR_ID="34" KVO="1" PRICE="6.00" SUMMA="6.00" PUBLISHED="N" ROW_NPP="1"/><ROW POS_ID="4" CHECKNO="109836" STRNO="4" TOVAR_ID="7" KVO="1" PRICE="17.00" SUMMA="17.00" PUBLISHED="N" ROW_NPP="0"/><ROW POS_ID="4" CHECKNO="109836" STRNO="5" TOVAR_ID="26" KVO="2" PRICE="9.00" SUMMA="18.00" PUBLISHED="N" ROW_NPP="4"/><ROW POS_ID="4" CHECKNO="109836" STRNO="6" TOVAR_ID="23" KVO="2" PRICE="7.00" SUMMA="14.00" PUBLISHED="N" ROW_NPP="4"/><ROW POS_ID="4" CHECKNO="109836" STRNO="7" TOVAR_ID="7" KVO="1" PRICE="17.00" SUMMA="17.00" PUBLISHED="N" ROW_NPP="0"/><ROW POS_ID="4" CHECKNO="109836" STRNO="8" TOVAR_ID="64" KVO="1" PRICE="11.00" SUMMA="11.00" PUBLISHED="N" ROW_NPP="7"/><ROW POS_ID="4" CHECKNO="109836" STRNO="9" TOVAR_ID="36" KVO="1" PRICE="6.00" SUMMA="6.00" PUBLISHED="N" ROW_NPP="7"/><ROW POS_ID="4" CHECKNO="109836" STRNO="10" TOVAR_ID="43" KVO="1" PRICE="9.00" SUMMA="9.00" PUBLISHED="N" ROW_NPP="0"/><ROW POS_ID="4" CHECKNO="109836" STRNO="11" TOVAR_ID="44" KVO="1" PRICE="15.00" SUMMA="15.00" PUBLISHED="N" ROW_NPP="0"/><ROW POS_ID="4" CHECKNO="109837" STRNO="1" TOVAR_ID="6" KVO="2" PRICE="17.00" SUMMA="34.00" PUBLISHED="N" ROW_NPP="0"/><ROW POS_ID="4" CHECKNO="109837" STRNO="2" TOVAR_ID="20" KVO="2" PRICE="14.00" SUMMA="28.00" PUBLISHED="N" ROW_NPP="0"/><ROW POS_ID="4" CHECKNO="109837" STRNO="3" TOVAR_ID="721" KVO="1" PRICE="13.00" SUMMA="13.00" PUBLISHED="N" ROW_NPP="0"/><ROW POS_ID="4" CHECKNO="109838" STRNO="1" TOVAR_ID="7" KVO="1" PRICE="17.00" SUMMA="17.00" PUBLISHED="N" ROW_NPP="0"/><ROW POS_ID="4" CHECKNO="109838" STRNO="2" TOVAR_ID="23" KVO="1" PRICE="7.00" SUMMA="7.00" PUBLISHED="N" ROW_NPP="1"/><ROW POS_ID="4" CHECKNO="109838" STRNO="3" TOVAR_ID="26" KVO="1" PRICE="9.00" SUMMA="9.00" PUBLISHED="N" ROW_NPP="1"/><ROW POS_ID="4" CHECKNO="109838" STRNO="4" TOVAR_ID="35" KVO="1" PRICE="6.00" SUMMA="6.00" PUBLISHED="N" ROW_NPP="1"/><ROW POS_ID="4" CHECKNO="109838" STRNO="5" TOVAR_ID="656" KVO="1" PRICE="1.00" SUMMA="1.00" PUBLISHED="N" ROW_NPP="1"/><ROW POS_ID="4" CHECKNO="109838" STRNO="6" TOVAR_ID="625" KVO="1" PRICE="12.00" SUMMA="12.00" PUBLISHED="N" ROW_NPP="0"/><ROW POS_ID="4" CHECKNO="109839" STRNO="1" TOVAR_ID="7" KVO="1" PRICE="17.00" SUMMA="17.00" PUBLISHED="N" ROW_NPP="0"/><ROW POS_ID="4" CHECKNO="109839" STRNO="2" TOVAR_ID="23" KVO="1" PRICE="7.00" SUMMA="7.00" PUBLISHED="N" ROW_NPP="1"/><ROW POS_ID="4" CHECKNO="109839" STRNO="3" TOVAR_ID="52" KVO="1" PRICE="11.00" SUMMA="11.00" PUBLISHED="N" ROW_NPP="0"/><ROW POS_ID="4" CHECKNO="109839" STRNO="4" TOVAR_ID="7" KVO="1" PRICE="17.00" SUMMA="17.00" PUBLISHED="N" ROW_NPP="0"/><ROW POS_ID="4" CHECKNO="109839" STRNO="5" TOVAR_ID="26" KVO="1" PRICE="9.00" SUMMA="9.00" PUBLISHED="N" ROW_NPP="4"/><ROW POS_ID="4" CHECKNO="109839" STRNO="6" TOVAR_ID="23" KVO="1" PRICE="7.00" SUMMA="7.00" PUBLISHED="N" ROW_NPP="4"/><ROW POS_ID="4" CHECKNO="109839" STRNO="7" TOVAR_ID="17" KVO="1" PRICE="14.00" SUMMA="14.00" PUBLISHED="N" ROW_NPP="0"/><ROW POS_ID="4" CHECKNO="109840" STRNO="1" TOVAR_ID="7" KVO="1" PRICE="17.00" SUMMA="17.00" PUBLISHED="N" ROW_NPP="0"/><ROW POS_ID="4" CHECKNO="109840" STRNO="2" TOVAR_ID="23" KVO="1" PRICE="7.00" SUMMA="7.00" PUBLISHED="N" ROW_NPP="1"/><ROW POS_ID="4" CHECKNO="109840" STRNO="3" TOVAR_ID="443" KVO="1" PRICE="9.00" SUMMA="9.00" PUBLISHED="N" ROW_NPP="1"/><ROW POS_ID="4" CHECKNO="109841" STRNO="1" TOVAR_ID="535" KVO="1" PRICE="8.00" SUMMA="8.00" PUBLISHED="N" ROW_NPP="0"/><ROW POS_ID="4" CHECKNO="109842" STRNO="1" TOVAR_ID="6" KVO="2" PRICE="17.00" SUMMA="34.00" PUBLISHED="N" ROW_NPP="0"/><ROW POS_ID="4" CHECKNO="109842" STRNO="2" TOVAR_ID="26" KVO="2" PRICE="9.00" SUMMA="18.00" PUBLISHED="N" ROW_NPP="1"/><ROW POS_ID="4" CHECKNO="109842" STRNO="3" TOVAR_ID="23" KVO="2" PRICE="7.00" SUMMA="14.00" PUBLISHED="N" ROW_NPP="1"/><ROW POS_ID="4" CHECKNO="109842" STRNO="4" TOVAR_ID="28" KVO="2" PRICE="5.00" SUMMA="10.00" PUBLISHED="N" ROW_NPP="1"/><ROW POS_ID="4" CHECKNO="109842" STRNO="5" TOVAR_ID="656" KVO="2" PRICE="1.00" SUMMA="2.00" PUBLISHED="N" ROW_NPP="1"/><ROW POS_ID="4" CHECKNO="109842" STRNO="6" TOVAR_ID="704" KVO="2" PRICE="6.00" SUMMA="12.00" PUBLISHED="N" ROW_NPP="1"/><ROW POS_ID="4" CHECKNO="109842" STRNO="7" TOVAR_ID="625" KVO="1" PRICE="12.00" SUMMA="12.00" PUBLISHED="N" ROW_NPP="0"/><ROW POS_ID="4" CHECKNO="109843" STRNO="1" TOVAR_ID="534" KVO="1" PRICE="12.00" SUMMA="12.00" PUBLISHED="N" ROW_NPP="0"/><ROW POS_ID="4" CHECKNO="109844" STRNO="1" TOVAR_ID="21" KVO="1" PRICE="13.00" SUMMA="13.00" PUBLISHED="N" ROW_NPP="0"/><ROW POS_ID="4" CHECKNO="109844" STRNO="2" TOVAR_ID="79" KVO="1" PRICE="8.00" SUMMA="8.00" PUBLISHED="N" ROW_NPP="1"/><ROW POS_ID="4" CHECKNO="109844" STRNO="3" TOVAR_ID="49" KVO="1" PRICE="8.00" SUMMA="8.00" PUBLISHED="N" ROW_NPP="1"/><ROW POS_ID="4" CHECKNO="109845" STRNO="1" TOVAR_ID="7" KVO="1" PRICE="17.00" SUMMA="17.00" PUBLISHED="N" ROW_NPP="0"/><ROW POS_ID="4" CHECKNO="109845" STRNO="2" TOVAR_ID="26" KVO="1" PRICE="9.00" SUMMA="9.00" PUBLISHED="N" ROW_NPP="1"/><ROW POS_ID="4" CHECKNO="109845" STRNO="3" TOVAR_ID="23" KVO="1" PRICE="7.00" SUMMA="7.00" PUBLISHED="N" ROW_NPP="1"/><ROW POS_ID="4" CHECKNO="109846" STRNO="1" TOVAR_ID="533" KVO="1" PRICE="9.00" SUMMA="9.00" PUBLISHED="N" ROW_NPP="0"/><ROW POS_ID="4" CHECKNO="109846" STRNO="2" TOVAR_ID="542" KVO="1" PRICE="4.00" SUMMA="4.00" PUBLISHED="N" ROW_NPP="0"/></ROWDATA></DATAPACKET>