<?xml version="1.0" encoding="UTF-8" standalone="yes"?>  <DATAPACKET Version="2.0"><METADATA><FIELDS><FIELD attrname="POS_ID" fieldtype="i4" required="true"><PARAM Name="ORIGIN" Value="PCHECKS_INTL.POS_ID" Roundtrip="True"/></FIELD><FIELD attrname="SMENA_ID" fieldtype="i4" required="true"><PARAM Name="ORIGIN" Value="PCHECKS_INTL.SMENA_ID" Roundtrip="True"/></FIELD><FIELD attrname="CHECKNO" fieldtype="i4" required="true"><PARAM Name="ORIGIN" Value="PCHECKS_INTL.CHECKNO" Roundtrip="True"/></FIELD><FIELD attrname="SUMMA" fieldtype="fixed" DECIMALS="2" WIDTH="18"><PARAM Name="ORIGIN" Value="PCHECKS_INTL.SUMMA" Roundtrip="True"/></FIELD><FIELD attrname="STAMP" fieldtype="dateTime"><PARAM Name="ORIGIN" Value="PCHECKS_INTL.STAMP" Roundtrip="True"/></FIELD><FIELD attrname="RASHOD_ID" fieldtype="i4"><PARAM Name="ORIGIN" Value="PCHECKS_INTL.RASHOD_ID" Roundtrip="True"/></FIELD><FIELD attrname="PERSON_ID" fieldtype="i4"><PARAM Name="ORIGIN" Value="PCHECKS_INTL.PERSON_ID" Roundtrip="True"/></FIELD><FIELD attrname="PUBLISHED" fieldtype="string" SUBTYPE="FixedChar" WIDTH="1"><PARAM Name="ORIGIN" Value="PCHECKS_INTL.PUBLISHED" Roundtrip="True"/></FIELD></FIELDS><PARAMS/></METADATA><ROWDATA><ROW POS_ID="4" SMENA_ID="1585" CHECKNO="3246" SUMMA="23.00" STAMP="20180924T18:40:27000" RASHOD_ID="3" PERSON_ID="500" PUBLISHED="U"/></ROWDATA></DATAPACKET>