<?xml version="1.0" encoding="UTF-8" standalone="yes"?>  <DATAPACKET Version="2.0"><METADATA><FIELDS><FIELD attrname="POS_ID" fieldtype="i4" required="true"><PARAM Name="ORIGIN" Value="SMENY.POS_ID" Roundtrip="True"/></FIELD><FIELD attrname="SMENA_ID" fieldtype="i4" required="true"><PARAM Name="ORIGIN" Value="SMENY.SMENA_ID" Roundtrip="True"/></FIELD><FIELD attrname="DATEOPEN" fieldtype="dateTime"><PARAM Name="ORIGIN" Value="SMENY.DATEOPEN" Roundtrip="True"/></FIELD><FIELD attrname="DATECLOSE" fieldtype="dateTime"><PARAM Name="ORIGIN" Value="SMENY.DATECLOSE" Roundtrip="True"/></FIELD><FIELD attrname="CHIEF" fieldtype="i4"><PARAM Name="ORIGIN" Value="SMENY.CHIEF" Roundtrip="True"/></FIELD><FIELD attrname="ZOTCHENO" fieldtype="i4"><PARAM Name="ORIGIN" Value="SMENY.ZOTCHENO" Roundtrip="True"/></FIELD><FIELD attrname="PUBLISHED" fieldtype="string" required="true" SUBTYPE="FixedChar" WIDTH="1"><PARAM Name="ORIGIN" Value="SMENY.PUBLISHED" Roundtrip="True"/></FIELD></FIELDS><PARAMS/></METADATA><ROWDATA><ROW POS_ID="4" SMENA_ID="1586" DATEOPEN="20180925T08:16:22000" CHIEF="469" PUBLISHED="N"/><ROW POS_ID="4" SMENA_ID="1585" DATEOPEN="20180924T09:08:14000" DATECLOSE="20180924T20:03:37000" CHIEF="500" PUBLISHED="U"/></ROWDATA></DATAPACKET>