<?xml version="1.0" encoding="UTF-8" standalone="yes"?>  <DATAPACKET Version="2.0"><METADATA><FIELDS><FIELD attrname="POS_ID" fieldtype="i4" required="true"><PARAM Name="ORIGIN" Value="BALANCES.POS_ID" Roundtrip="True"/></FIELD><FIELD attrname="BALANCEDATE" fieldtype="date" required="true"><PARAM Name="ORIGIN" Value="BALANCES.BALANCEDATE" Roundtrip="True"/></FIELD><FIELD attrname="TOVAR_ID" fieldtype="i4" required="true"><PARAM Name="ORIGIN" Value="BALANCES.TOVAR_ID" Roundtrip="True"/></FIELD><FIELD attrname="AMOUNT" fieldtype="r8"><PARAM Name="ORIGIN" Value="BALANCES.AMOUNT" Roundtrip="True"/></FIELD><FIELD attrname="PUBLISHED" fieldtype="string" required="true" SUBTYPE="FixedChar" WIDTH="1"><PARAM Name="ORIGIN" Value="BALANCES.PUBLISHED" Roundtrip="True"/></FIELD></FIELDS><PARAMS/></METADATA><ROWDATA><ROW POS_ID="1" BALANCEDATE="20190326" TOVAR_ID="350" AMOUNT="1.379999995231628" PUBLISHED="N"/><ROW POS_ID="1" BALANCEDATE="20190326" TOVAR_ID="351" AMOUNT="0.5659999847412109" PUBLISHED="N"/><ROW POS_ID="1" BALANCEDATE="20190326" TOVAR_ID="353" AMOUNT="0.4900000095367432" PUBLISHED="N"/><ROW POS_ID="1" BALANCEDATE="20190326" TOVAR_ID="354" AMOUNT="2.441999912261963" PUBLISHED="N"/><ROW POS_ID="1" BALANCEDATE="20190326" TOVAR_ID="355" AMOUNT="1.014999985694885" PUBLISHED="N"/><ROW POS_ID="1" BALANCEDATE="20190326" TOVAR_ID="357" AMOUNT="0.2099999934434891" PUBLISHED="N"/><ROW POS_ID="1" BALANCEDATE="20190326" TOVAR_ID="358" AMOUNT="0.125" PUBLISHED="N"/><ROW POS_ID="1" BALANCEDATE="20190326" TOVAR_ID="359" AMOUNT="0.07999999821186066" PUBLISHED="N"/><ROW POS_ID="1" BALANCEDATE="20190326" TOVAR_ID="360" AMOUNT="1.008999943733215" PUBLISHED="N"/><ROW POS_ID="1" BALANCEDATE="20190326" TOVAR_ID="361" AMOUNT="0.3199999928474426" PUBLISHED="N"/><ROW POS_ID="1" BALANCEDATE="20190326" TOVAR_ID="362" AMOUNT="0" PUBLISHED="N"/><ROW POS_ID="1" BALANCEDATE="20190326" TOVAR_ID="363" AMOUNT="976" PUBLISHED="N"/><ROW POS_ID="1" BALANCEDATE="20190326" TOVAR_ID="364" AMOUNT="0.5080000162124634" PUBLISHED="N"/><ROW POS_ID="1" BALANCEDATE="20190326" TOVAR_ID="366" AMOUNT="0" PUBLISHED="N"/><ROW POS_ID="1" BALANCEDATE="20190326" TOVAR_ID="367" AMOUNT="0.6850000023841858" PUBLISHED="N"/><ROW POS_ID="1" BALANCEDATE="20190326" TOVAR_ID="368" AMOUNT="0.7699999809265137" PUBLISHED="N"/><ROW POS_ID="1" BALANCEDATE="20190326" TOVAR_ID="369" AMOUNT="0.2029999941587448" PUBLISHED="N"/><ROW POS_ID="1" BALANCEDATE="20190326" TOVAR_ID="370" AMOUNT="0.3499999940395355" PUBLISHED="N"/><ROW POS_ID="1" BALANCEDATE="20190326" TOVAR_ID="371" AMOUNT="5.045000076293945" PUBLISHED="N"/><ROW POS_ID="1" BALANCEDATE="20190326" TOVAR_ID="372" AMOUNT="1.095000028610229" PUBLISHED="N"/><ROW POS_ID="1" BALANCEDATE="20190326" TOVAR_ID="373" AMOUNT="0.2800000011920929" PUBLISHED="N"/><ROW POS_ID="1" BALANCEDATE="20190326" TOVAR_ID="374" AMOUNT="1.190000057220459" PUBLISHED="N"/><ROW POS_ID="1" BALANCEDATE="20190326" TOVAR_ID="376" AMOUNT="0.75" PUBLISHED="N"/><ROW POS_ID="1" BALANCEDATE="20190326" TOVAR_ID="377" AMOUNT="0.2800000011920929" PUBLISHED="N"/><ROW POS_ID="1" BALANCEDATE="20190326" TOVAR_ID="379" AMOUNT="3305" PUBLISHED="N"/><ROW POS_ID="1" BALANCEDATE="20190326" TOVAR_ID="380" AMOUNT="0.9399999976158142" PUBLISHED="N"/><ROW POS_ID="1" BALANCEDATE="20190326" TOVAR_ID="381" AMOUNT="0.7300000190734863" PUBLISHED="N"/><ROW POS_ID="1" BALANCEDATE="20190326" TOVAR_ID="382" AMOUNT="0.800000011920929" PUBLISHED="N"/><ROW POS_ID="1" BALANCEDATE="20190326" TOVAR_ID="383" AMOUNT="0" PUBLISHED="N"/><ROW POS_ID="1" BALANCEDATE="20190326" TOVAR_ID="384" AMOUNT="0.5" PUBLISHED="N"/><ROW POS_ID="1" BALANCEDATE="20190326" TOVAR_ID="385" AMOUNT="0" PUBLISHED="N"/><ROW POS_ID="1" BALANCEDATE="20190326" TOVAR_ID="387" AMOUNT="10.64000034332275" PUBLISHED="N"/><ROW POS_ID="1" BALANCEDATE="20190326" TOVAR_ID="391" AMOUNT="0.878000020980835" PUBLISHED="N"/><ROW POS_ID="1" BALANCEDATE="20190326" TOVAR_ID="392" AMOUNT="0.3840000033378601" PUBLISHED="N"/><ROW POS_ID="1" BALANCEDATE="20190326" TOVAR_ID="393" AMOUNT="0.2259999960660934" PUBLISHED="N"/><ROW POS_ID="1" BALANCEDATE="20190326" TOVAR_ID="394" AMOUNT="0.2759999930858612" PUBLISHED="N"/><ROW POS_ID="1" BALANCEDATE="20190326" TOVAR_ID="395" AMOUNT="112" PUBLISHED="N"/><ROW POS_ID="1" BALANCEDATE="20190326" TOVAR_ID="396" AMOUNT="96" PUBLISHED="N"/><ROW POS_ID="1" BALANCEDATE="20190326" TOVAR_ID="397" AMOUNT="163" PUBLISHED="N"/><ROW POS_ID="1" BALANCEDATE="20190326" TOVAR_ID="399" AMOUNT="102" PUBLISHED="N"/><ROW POS_ID="1" BALANCEDATE="20190326" TOVAR_ID="400" AMOUNT="133" PUBLISHED="N"/><ROW POS_ID="1" BALANCEDATE="20190326" TOVAR_ID="401" AMOUNT="0" PUBLISHED="N"/><ROW POS_ID="1" BALANCEDATE="20190326" TOVAR_ID="403" AMOUNT="1.572999954223633" PUBLISHED="N"/><ROW POS_ID="1" BALANCEDATE="20190326" TOVAR_ID="404" AMOUNT="0.4550000131130219" PUBLISHED="N"/><ROW POS_ID="1" BALANCEDATE="20190326" TOVAR_ID="405" AMOUNT="0.7839999794960022" PUBLISHED="N"/><ROW POS_ID="1" BALANCEDATE="20190326" TOVAR_ID="43" AMOUNT="38" PUBLISHED="N"/><ROW POS_ID="1" BALANCEDATE="20190326" TOVAR_ID="44" AMOUNT="28" PUBLISHED="N"/><ROW POS_ID="1" BALANCEDATE="20190326" TOVAR_ID="68" AMOUNT="3638" PUBLISHED="N"/><ROW POS_ID="1" BALANCEDATE="20190326" TOVAR_ID="222" AMOUNT="14" PUBLISHED="N"/><ROW POS_ID="1" BALANCEDATE="20190326" TOVAR_ID="407" AMOUNT="70" PUBLISHED="N"/><ROW POS_ID="1" BALANCEDATE="20190326" TOVAR_ID="408" AMOUNT="27" PUBLISHED="N"/><ROW POS_ID="1" BALANCEDATE="20190326" TOVAR_ID="409" AMOUNT="3.496000051498413" PUBLISHED="N"/><ROW POS_ID="1" BALANCEDATE="20190326" TOVAR_ID="410" AMOUNT="0" PUBLISHED="N"/><ROW POS_ID="1" BALANCEDATE="20190326" TOVAR_ID="412" AMOUNT="151" PUBLISHED="N"/><ROW POS_ID="1" BALANCEDATE="20190326" TOVAR_ID="414" AMOUNT="0.05200000107288361" PUBLISHED="N"/><ROW POS_ID="1" BALANCEDATE="20190326" TOVAR_ID="427" AMOUNT="0.8610000014305115" PUBLISHED="N"/><ROW POS_ID="1" BALANCEDATE="20190326" TOVAR_ID="433" AMOUNT="0" PUBLISHED="N"/><ROW POS_ID="1" BALANCEDATE="20190326" TOVAR_ID="434" AMOUNT="0" PUBLISHED="N"/><ROW POS_ID="1" BALANCEDATE="20190326" TOVAR_ID="435" AMOUNT="0" PUBLISHED="N"/><ROW POS_ID="1" BALANCEDATE="20190326" TOVAR_ID="436" AMOUNT="0.01999999955296516" PUBLISHED="N"/><ROW POS_ID="1" BALANCEDATE="20190326" TOVAR_ID="454" AMOUNT="0.2000000029802322" PUBLISHED="N"/><ROW POS_ID="1" BALANCEDATE="20190326" TOVAR_ID="444" AMOUNT="42" PUBLISHED="N"/><ROW POS_ID="1" BALANCEDATE="20190326" TOVAR_ID="445" AMOUNT="0.4550000131130219" PUBLISHED="N"/><ROW POS_ID="1" BALANCEDATE="20190326" TOVAR_ID="446" AMOUNT="0.2939999997615814" PUBLISHED="N"/><ROW POS_ID="1" BALANCEDATE="20190326" TOVAR_ID="460" AMOUNT="0.4580000042915344" PUBLISHED="N"/><ROW POS_ID="1" BALANCEDATE="20190326" TOVAR_ID="465" AMOUNT="1" PUBLISHED="N"/><ROW POS_ID="1" BALANCEDATE="20190326" TOVAR_ID="472" AMOUNT="0" PUBLISHED="N"/><ROW POS_ID="1" BALANCEDATE="20190326" TOVAR_ID="487" AMOUNT="0.3339999914169312" PUBLISHED="N"/><ROW POS_ID="1" BALANCEDATE="20190326" TOVAR_ID="498" AMOUNT="0.1500000059604645" PUBLISHED="N"/><ROW POS_ID="1" BALANCEDATE="20190326" TOVAR_ID="578" AMOUNT="1" PUBLISHED="N"/><ROW POS_ID="1" BALANCEDATE="20190326" TOVAR_ID="582" AMOUNT="0.1379999965429306" PUBLISHED="N"/><ROW POS_ID="1" BALANCEDATE="20190326" TOVAR_ID="580" AMOUNT="0" PUBLISHED="N"/><ROW POS_ID="1" BALANCEDATE="20190326" TOVAR_ID="586" AMOUNT="0" PUBLISHED="N"/><ROW POS_ID="1" BALANCEDATE="20190326" TOVAR_ID="587" AMOUNT="0" PUBLISHED="N"/><ROW POS_ID="1" BALANCEDATE="20190326" TOVAR_ID="591" AMOUNT="0" PUBLISHED="N"/><ROW POS_ID="1" BALANCEDATE="20190326" TOVAR_ID="594" AMOUNT="10" PUBLISHED="N"/><ROW POS_ID="1" BALANCEDATE="20190326" TOVAR_ID="602" AMOUNT="16" PUBLISHED="N"/><ROW POS_ID="1" BALANCEDATE="20190326" TOVAR_ID="604" AMOUNT="0" PUBLISHED="N"/><ROW POS_ID="1" BALANCEDATE="20190326" TOVAR_ID="607" AMOUNT="0.03599999845027924" PUBLISHED="N"/><ROW POS_ID="1" BALANCEDATE="20190326" TOVAR_ID="610" AMOUNT="0" PUBLISHED="N"/><ROW POS_ID="1" BALANCEDATE="20190326" TOVAR_ID="617" AMOUNT="0" PUBLISHED="N"/><ROW POS_ID="1" BALANCEDATE="20190326" TOVAR_ID="619" AMOUNT="0.4180000126361847" PUBLISHED="N"/><ROW POS_ID="1" BALANCEDATE="20190326" TOVAR_ID="636" AMOUNT="0.6600000262260437" PUBLISHED="N"/><ROW POS_ID="1" BALANCEDATE="20190326" TOVAR_ID="637" AMOUNT="0.1749999970197678" PUBLISHED="N"/><ROW POS_ID="1" BALANCEDATE="20190326" TOVAR_ID="638" AMOUNT="2" PUBLISHED="N"/><ROW POS_ID="1" BALANCEDATE="20190326" TOVAR_ID="653" AMOUNT="0.03799999877810478" PUBLISHED="N"/><ROW POS_ID="1" BALANCEDATE="20190326" TOVAR_ID="660" AMOUNT="0" PUBLISHED="N"/><ROW POS_ID="1" BALANCEDATE="20190326" TOVAR_ID="667" AMOUNT="0" PUBLISHED="N"/><ROW POS_ID="1" BALANCEDATE="20190326" TOVAR_ID="694" AMOUNT="0.1500000059604645" PUBLISHED="N"/><ROW POS_ID="1" BALANCEDATE="20190326" TOVAR_ID="697" AMOUNT="0" PUBLISHED="N"/><ROW POS_ID="1" BALANCEDATE="20190326" TOVAR_ID="698" AMOUNT="94" PUBLISHED="N"/><ROW POS_ID="1" BALANCEDATE="20190326" TOVAR_ID="702" AMOUNT="0.3499999940395355" PUBLISHED="N"/><ROW POS_ID="1" BALANCEDATE="20190326" TOVAR_ID="706" AMOUNT="7" PUBLISHED="N"/><ROW POS_ID="1" BALANCEDATE="20190326" TOVAR_ID="710" AMOUNT="0" PUBLISHED="N"/><ROW POS_ID="1" BALANCEDATE="20190326" TOVAR_ID="720" AMOUNT="62" PUBLISHED="N"/><ROW POS_ID="1" BALANCEDATE="20190326" TOVAR_ID="721" AMOUNT="42" PUBLISHED="N"/><ROW POS_ID="1" BALANCEDATE="20190326" TOVAR_ID="722" AMOUNT="7" PUBLISHED="N"/></ROWDATA></DATAPACKET>