<?xml version="1.0" encoding="UTF-8" standalone="yes"?>  <DATAPACKET Version="2.0"><METADATA><FIELDS><FIELD attrname="POS_ID" fieldtype="i4" required="true"><PARAM Name="ORIGIN" Value="PAYCHECKS.POS_ID" Roundtrip="True"/></FIELD><FIELD attrname="SMENA_ID" fieldtype="i4" required="true"><PARAM Name="ORIGIN" Value="PAYCHECKS.SMENA_ID" Roundtrip="True"/></FIELD><FIELD attrname="CHECKNO" fieldtype="i4" required="true"><PARAM Name="ORIGIN" Value="PAYCHECKS.CHECKNO" Roundtrip="True"/></FIELD><FIELD attrname="SUMMA" fieldtype="fixed" DECIMALS="2" WIDTH="18"><PARAM Name="ORIGIN" Value="PAYCHECKS.SUMMA" Roundtrip="True"/></FIELD><FIELD attrname="EKR_CHECKNO" fieldtype="i4"><PARAM Name="ORIGIN" Value="PAYCHECKS.EKR_CHECKNO" Roundtrip="True"/></FIELD><FIELD attrname="EKR_SUMMA" fieldtype="fixed" DECIMALS="2" WIDTH="18"><PARAM Name="ORIGIN" Value="PAYCHECKS.EKR_SUMMA" Roundtrip="True"/></FIELD><FIELD attrname="STAMP" fieldtype="dateTime"><PARAM Name="ORIGIN" Value="PAYCHECKS.STAMP" Roundtrip="True"/></FIELD><FIELD attrname="PUBLISHED" fieldtype="string" SUBTYPE="FixedChar" WIDTH="1"><PARAM Name="ORIGIN" Value="PAYCHECKS.PUBLISHED" Roundtrip="True"/></FIELD><FIELD attrname="RET" fieldtype="i2"><PARAM Name="ORIGIN" Value="PAYCHECKS.RET" Roundtrip="True"/></FIELD><FIELD attrname="M_MALE" fieldtype="i2"><PARAM Name="ORIGIN" Value="PAYCHECKS.M_MALE" Roundtrip="True"/></FIELD><FIELD attrname="M_AGE" fieldtype="i2"><PARAM Name="ORIGIN" Value="PAYCHECKS.M_AGE" Roundtrip="True"/></FIELD><FIELD attrname="ZAKAZNO" fieldtype="i4"><PARAM Name="ORIGIN" Value="PAYCHECKS.ZAKAZNO" Roundtrip="True"/></FIELD></FIELDS><PARAMS/></METADATA><ROWDATA><ROW POS_ID="1" SMENA_ID="4544" CHECKNO="727702" SUMMA="17.00" EKR_CHECKNO="0" EKR_SUMMA="17.00" STAMP="20190325T14:31:24000" PUBLISHED="N" RET="0" M_MALE="0" M_AGE="0" ZAKAZNO="51"/><ROW POS_ID="1" SMENA_ID="4544" CHECKNO="727703" SUMMA="66.00" EKR_CHECKNO="0" EKR_SUMMA="66.00" STAMP="20190325T14:37:01000" PUBLISHED="N" RET="0" M_MALE="0" M_AGE="0" ZAKAZNO="52"/><ROW POS_ID="1" SMENA_ID="4544" CHECKNO="727704" SUMMA="37.00" EKR_CHECKNO="0" EKR_SUMMA="37.00" STAMP="20190325T14:40:18000" PUBLISHED="N" RET="0" M_MALE="0" M_AGE="0" ZAKAZNO="53"/><ROW POS_ID="1" SMENA_ID="4544" CHECKNO="727705" SUMMA="41.00" EKR_CHECKNO="0" EKR_SUMMA="41.00" STAMP="20190325T14:43:00000" PUBLISHED="N" RET="0" M_MALE="0" M_AGE="0" ZAKAZNO="54"/><ROW POS_ID="1" SMENA_ID="4544" CHECKNO="727706" SUMMA="23.00" EKR_CHECKNO="0" EKR_SUMMA="23.00" STAMP="20190325T14:50:23000" PUBLISHED="N" RET="0" M_MALE="0" M_AGE="0" ZAKAZNO="55"/><ROW POS_ID="1" SMENA_ID="4544" CHECKNO="727707" SUMMA="22.00" EKR_CHECKNO="0" EKR_SUMMA="22.00" STAMP="20190325T14:55:47000" PUBLISHED="N" RET="0" M_MALE="0" M_AGE="0" ZAKAZNO="56"/><ROW POS_ID="1" SMENA_ID="4544" CHECKNO="727708" SUMMA="37.00" EKR_CHECKNO="0" EKR_SUMMA="37.00" STAMP="20190325T15:14:01000" PUBLISHED="N" RET="0" M_MALE="0" M_AGE="0" ZAKAZNO="57"/><ROW POS_ID="1" SMENA_ID="4544" CHECKNO="727709" SUMMA="33.00" EKR_CHECKNO="0" EKR_SUMMA="33.00" STAMP="20190325T15:14:43000" PUBLISHED="N" RET="0" M_MALE="0" M_AGE="0" ZAKAZNO="58"/><ROW POS_ID="1" SMENA_ID="4544" CHECKNO="727710" SUMMA="24.00" EKR_CHECKNO="0" EKR_SUMMA="24.00" STAMP="20190325T15:16:01000" PUBLISHED="N" RET="0" M_MALE="0" M_AGE="0" ZAKAZNO="59"/><ROW POS_ID="1" SMENA_ID="4544" CHECKNO="727711" SUMMA="34.00" EKR_CHECKNO="0" EKR_SUMMA="34.00" STAMP="20190325T15:20:08000" PUBLISHED="N" RET="0" M_MALE="0" M_AGE="0" ZAKAZNO="60"/><ROW POS_ID="1" SMENA_ID="4544" CHECKNO="727712" SUMMA="28.00" EKR_CHECKNO="0" EKR_SUMMA="28.00" STAMP="20190325T15:31:54000" PUBLISHED="N" RET="0" M_MALE="0" M_AGE="0" ZAKAZNO="61"/><ROW POS_ID="1" SMENA_ID="4544" CHECKNO="727713" SUMMA="17.00" EKR_CHECKNO="0" EKR_SUMMA="17.00" STAMP="20190325T15:35:36000" PUBLISHED="N" RET="0" M_MALE="0" M_AGE="0" ZAKAZNO="62"/><ROW POS_ID="1" SMENA_ID="4544" CHECKNO="727714" SUMMA="42.00" EKR_CHECKNO="0" EKR_SUMMA="42.00" STAMP="20190325T15:40:45000" PUBLISHED="N" RET="0" M_MALE="0" M_AGE="0" ZAKAZNO="63"/><ROW POS_ID="1" SMENA_ID="4544" CHECKNO="727715" SUMMA="13.00" EKR_CHECKNO="0" EKR_SUMMA="13.00" STAMP="20190325T15:44:06000" PUBLISHED="N" RET="0" M_MALE="0" M_AGE="0" ZAKAZNO="64"/><ROW POS_ID="1" SMENA_ID="4544" CHECKNO="727716" SUMMA="36.00" EKR_CHECKNO="0" EKR_SUMMA="36.00" STAMP="20190325T15:44:21000" PUBLISHED="N" RET="0" M_MALE="0" M_AGE="0" ZAKAZNO="65"/><ROW POS_ID="1" SMENA_ID="4544" CHECKNO="727717" SUMMA="53.00" EKR_CHECKNO="0" EKR_SUMMA="53.00" STAMP="20190325T15:55:21000" PUBLISHED="N" RET="0" M_MALE="0" M_AGE="0" ZAKAZNO="66"/><ROW POS_ID="1" SMENA_ID="4544" CHECKNO="727718" SUMMA="53.00" EKR_CHECKNO="0" EKR_SUMMA="53.00" STAMP="20190325T15:58:04000" PUBLISHED="N" RET="0" M_MALE="0" M_AGE="0" ZAKAZNO="67"/><ROW POS_ID="1" SMENA_ID="4544" CHECKNO="727719" SUMMA="48.00" EKR_CHECKNO="0" EKR_SUMMA="48.00" STAMP="20190325T16:01:56000" PUBLISHED="N" RET="0" M_MALE="0" M_AGE="0" ZAKAZNO="68"/><ROW POS_ID="1" SMENA_ID="4544" CHECKNO="727720" SUMMA="30.00" EKR_CHECKNO="0" EKR_SUMMA="30.00" STAMP="20190325T16:02:41000" PUBLISHED="N" RET="0" M_MALE="0" M_AGE="0" ZAKAZNO="69"/><ROW POS_ID="1" SMENA_ID="4544" CHECKNO="727721" SUMMA="24.00" EKR_CHECKNO="0" EKR_SUMMA="24.00" STAMP="20190325T16:07:51000" PUBLISHED="N" RET="0" M_MALE="0" M_AGE="0" ZAKAZNO="70"/><ROW POS_ID="1" SMENA_ID="4544" CHECKNO="727722" SUMMA="49.00" EKR_CHECKNO="0" EKR_SUMMA="49.00" STAMP="20190325T16:10:10000" PUBLISHED="N" RET="0" M_MALE="0" M_AGE="0" ZAKAZNO="71"/><ROW POS_ID="1" SMENA_ID="4544" CHECKNO="727723" SUMMA="124.00" EKR_CHECKNO="0" EKR_SUMMA="124.00" STAMP="20190325T16:14:29000" PUBLISHED="N" RET="0" M_MALE="0" M_AGE="0" ZAKAZNO="72"/><ROW POS_ID="1" SMENA_ID="4544" CHECKNO="727724" SUMMA="8.00" EKR_CHECKNO="0" EKR_SUMMA="8.00" STAMP="20190325T16:34:43000" PUBLISHED="N" RET="0" M_MALE="0" M_AGE="0" ZAKAZNO="73"/><ROW POS_ID="1" SMENA_ID="4544" CHECKNO="727725" SUMMA="32.00" EKR_CHECKNO="0" EKR_SUMMA="32.00" STAMP="20190325T16:36:16000" PUBLISHED="N" RET="0" M_MALE="0" M_AGE="0" ZAKAZNO="74"/><ROW POS_ID="1" SMENA_ID="4544" CHECKNO="727726" SUMMA="39.00" EKR_CHECKNO="0" EKR_SUMMA="39.00" STAMP="20190325T16:37:45000" PUBLISHED="N" RET="0" M_MALE="0" M_AGE="0" ZAKAZNO="75"/><ROW POS_ID="1" SMENA_ID="4544" CHECKNO="727727" SUMMA="37.00" EKR_CHECKNO="0" EKR_SUMMA="37.00" STAMP="20190325T16:38:58000" PUBLISHED="N" RET="0" M_MALE="0" M_AGE="0" ZAKAZNO="76"/><ROW POS_ID="1" SMENA_ID="4544" CHECKNO="727728" SUMMA="7.00" EKR_CHECKNO="0" EKR_SUMMA="7.00" STAMP="20190325T16:40:16000" PUBLISHED="N" RET="0" M_MALE="0" M_AGE="0" ZAKAZNO="77"/><ROW POS_ID="1" SMENA_ID="4544" CHECKNO="727729" SUMMA="30.00" EKR_CHECKNO="0" EKR_SUMMA="30.00" STAMP="20190325T17:14:40000" PUBLISHED="N" RET="0" M_MALE="0" M_AGE="0" ZAKAZNO="78"/><ROW POS_ID="1" SMENA_ID="4544" CHECKNO="727730" SUMMA="44.00" EKR_CHECKNO="0" EKR_SUMMA="44.00" STAMP="20190325T17:30:23000" PUBLISHED="N" RET="0" M_MALE="0" M_AGE="0" ZAKAZNO="79"/><ROW POS_ID="1" SMENA_ID="4544" CHECKNO="727731" SUMMA="83.00" EKR_CHECKNO="0" EKR_SUMMA="83.00" STAMP="20190325T17:34:09000" PUBLISHED="N" RET="0" M_MALE="0" M_AGE="0" ZAKAZNO="80"/><ROW POS_ID="1" SMENA_ID="4544" CHECKNO="727732" SUMMA="11.00" EKR_CHECKNO="0" EKR_SUMMA="11.00" STAMP="20190325T17:41:16000" PUBLISHED="N" RET="0" M_MALE="0" M_AGE="0" ZAKAZNO="81"/><ROW POS_ID="1" SMENA_ID="4544" CHECKNO="727733" SUMMA="39.00" EKR_CHECKNO="0" EKR_SUMMA="39.00" STAMP="20190325T17:58:13000" PUBLISHED="N" RET="0" M_MALE="0" M_AGE="0" ZAKAZNO="82"/><ROW POS_ID="1" SMENA_ID="4544" CHECKNO="727734" SUMMA="39.00" EKR_CHECKNO="0" EKR_SUMMA="39.00" STAMP="20190325T18:22:38000" PUBLISHED="N" RET="0" M_MALE="0" M_AGE="0" ZAKAZNO="83"/><ROW POS_ID="1" SMENA_ID="4544" CHECKNO="727735" SUMMA="39.00" EKR_CHECKNO="0" EKR_SUMMA="39.00" STAMP="20190325T18:40:07000" PUBLISHED="N" RET="0" M_MALE="0" M_AGE="0" ZAKAZNO="84"/><ROW POS_ID="1" SMENA_ID="4544" CHECKNO="727736" SUMMA="20.00" EKR_CHECKNO="0" EKR_SUMMA="20.00" STAMP="20190325T18:42:32000" PUBLISHED="N" RET="0" M_MALE="0" M_AGE="0" ZAKAZNO="85"/><ROW POS_ID="1" SMENA_ID="4544" CHECKNO="727737" SUMMA="15.00" EKR_CHECKNO="0" EKR_SUMMA="15.00" STAMP="20190325T18:55:24000" PUBLISHED="N" RET="0" M_MALE="0" M_AGE="0" ZAKAZNO="86"/><ROW POS_ID="1" SMENA_ID="4544" CHECKNO="727738" SUMMA="39.00" EKR_CHECKNO="0" EKR_SUMMA="39.00" STAMP="20190325T19:04:37000" PUBLISHED="N" RET="0" M_MALE="0" M_AGE="0" ZAKAZNO="87"/><ROW POS_ID="1" SMENA_ID="4544" CHECKNO="727739" SUMMA="23.00" EKR_CHECKNO="0" EKR_SUMMA="23.00" STAMP="20190325T19:07:39000" PUBLISHED="N" RET="0" M_MALE="0" M_AGE="0" ZAKAZNO="88"/><ROW POS_ID="1" SMENA_ID="4544" CHECKNO="727740" SUMMA="12.00" EKR_CHECKNO="0" EKR_SUMMA="12.00" STAMP="20190325T20:00:54000" PUBLISHED="N" RET="0" M_MALE="0" M_AGE="0" ZAKAZNO="89"/><ROW POS_ID="1" SMENA_ID="4545" CHECKNO="727741" SUMMA="23.00" EKR_CHECKNO="0" EKR_SUMMA="23.00" STAMP="20190326T08:49:50000" PUBLISHED="N" RET="0" M_MALE="0" M_AGE="0" ZAKAZNO="1"/><ROW POS_ID="1" SMENA_ID="4545" CHECKNO="727742" SUMMA="32.00" EKR_CHECKNO="0" EKR_SUMMA="32.00" STAMP="20190326T08:57:00000" PUBLISHED="N" RET="0" M_MALE="0" M_AGE="0" ZAKAZNO="2"/><ROW POS_ID="1" SMENA_ID="4545" CHECKNO="727743" SUMMA="9.00" EKR_CHECKNO="0" EKR_SUMMA="9.00" STAMP="20190326T09:41:45000" PUBLISHED="N" RET="0" M_MALE="0" M_AGE="0" ZAKAZNO="3"/><ROW POS_ID="1" SMENA_ID="4545" CHECKNO="727744" SUMMA="9.00" EKR_CHECKNO="0" EKR_SUMMA="9.00" STAMP="20190326T09:52:17000" PUBLISHED="N" RET="0" M_MALE="0" M_AGE="0" ZAKAZNO="4"/><ROW POS_ID="1" SMENA_ID="4545" CHECKNO="727745" SUMMA="13.00" EKR_CHECKNO="0" EKR_SUMMA="13.00" STAMP="20190326T10:17:55000" PUBLISHED="N" RET="0" M_MALE="0" M_AGE="0" ZAKAZNO="5"/><ROW POS_ID="1" SMENA_ID="4544" CHECKNO="727673" SUMMA="32.00" EKR_CHECKNO="0" EKR_SUMMA="32.00" STAMP="20190325T12:24:59000" PUBLISHED="N" RET="0" M_MALE="0" M_AGE="0" ZAKAZNO="22"/><ROW POS_ID="1" SMENA_ID="4544" CHECKNO="727674" SUMMA="30.00" EKR_CHECKNO="0" EKR_SUMMA="30.00" STAMP="20190325T12:31:35000" PUBLISHED="N" RET="0" M_MALE="0" M_AGE="0" ZAKAZNO="23"/><ROW POS_ID="1" SMENA_ID="4544" CHECKNO="727675" SUMMA="16.00" EKR_CHECKNO="0" EKR_SUMMA="16.00" STAMP="20190325T12:35:52000" PUBLISHED="N" RET="0" M_MALE="0" M_AGE="0" ZAKAZNO="24"/><ROW POS_ID="1" SMENA_ID="4544" CHECKNO="727676" SUMMA="30.00" EKR_CHECKNO="0" EKR_SUMMA="30.00" STAMP="20190325T12:40:31000" PUBLISHED="N" RET="0" M_MALE="0" M_AGE="0" ZAKAZNO="25"/><ROW POS_ID="1" SMENA_ID="4544" CHECKNO="727677" SUMMA="95.00" EKR_CHECKNO="0" EKR_SUMMA="95.00" STAMP="20190325T12:44:28000" PUBLISHED="N" RET="0" M_MALE="0" M_AGE="0" ZAKAZNO="26"/><ROW POS_ID="1" SMENA_ID="4544" CHECKNO="727678" SUMMA="24.00" EKR_CHECKNO="0" EKR_SUMMA="24.00" STAMP="20190325T12:45:09000" PUBLISHED="N" RET="0" M_MALE="0" M_AGE="0" ZAKAZNO="27"/><ROW POS_ID="1" SMENA_ID="4544" CHECKNO="727679" SUMMA="24.00" EKR_CHECKNO="0" EKR_SUMMA="24.00" STAMP="20190325T12:49:33000" PUBLISHED="N" RET="0" M_MALE="0" M_AGE="0" ZAKAZNO="28"/><ROW POS_ID="1" SMENA_ID="4544" CHECKNO="727680" SUMMA="37.00" EKR_CHECKNO="0" EKR_SUMMA="37.00" STAMP="20190325T12:51:52000" PUBLISHED="N" RET="0" M_MALE="0" M_AGE="0" ZAKAZNO="29"/><ROW POS_ID="1" SMENA_ID="4544" CHECKNO="727681" SUMMA="35.00" EKR_CHECKNO="0" EKR_SUMMA="35.00" STAMP="20190325T12:52:38000" PUBLISHED="N" RET="0" M_MALE="0" M_AGE="0" ZAKAZNO="30"/><ROW POS_ID="1" SMENA_ID="4544" CHECKNO="727682" SUMMA="39.00" EKR_CHECKNO="0" EKR_SUMMA="39.00" STAMP="20190325T12:56:35000" PUBLISHED="N" RET="0" M_MALE="0" M_AGE="0" ZAKAZNO="31"/><ROW POS_ID="1" SMENA_ID="4544" CHECKNO="727683" SUMMA="42.00" EKR_CHECKNO="0" EKR_SUMMA="42.00" STAMP="20190325T13:05:16000" PUBLISHED="N" RET="0" M_MALE="0" M_AGE="0" ZAKAZNO="32"/><ROW POS_ID="1" SMENA_ID="4544" CHECKNO="727684" SUMMA="48.00" EKR_CHECKNO="0" EKR_SUMMA="48.00" STAMP="20190325T13:06:55000" PUBLISHED="N" RET="0" M_MALE="0" M_AGE="0" ZAKAZNO="33"/><ROW POS_ID="1" SMENA_ID="4544" CHECKNO="727685" SUMMA="28.00" EKR_CHECKNO="0" EKR_SUMMA="28.00" STAMP="20190325T13:14:25000" PUBLISHED="N" RET="0" M_MALE="0" M_AGE="0" ZAKAZNO="34"/><ROW POS_ID="1" SMENA_ID="4544" CHECKNO="727686" SUMMA="51.00" EKR_CHECKNO="0" EKR_SUMMA="51.00" STAMP="20190325T13:15:45000" PUBLISHED="N" RET="0" M_MALE="0" M_AGE="0" ZAKAZNO="35"/><ROW POS_ID="1" SMENA_ID="4544" CHECKNO="727687" SUMMA="33.00" EKR_CHECKNO="0" EKR_SUMMA="33.00" STAMP="20190325T13:20:32000" PUBLISHED="N" RET="0" M_MALE="0" M_AGE="0" ZAKAZNO="36"/><ROW POS_ID="1" SMENA_ID="4544" CHECKNO="727688" SUMMA="30.00" EKR_CHECKNO="0" EKR_SUMMA="30.00" STAMP="20190325T13:21:12000" PUBLISHED="N" RET="0" M_MALE="0" M_AGE="0" ZAKAZNO="37"/><ROW POS_ID="1" SMENA_ID="4544" CHECKNO="727689" SUMMA="7.00" EKR_CHECKNO="0" EKR_SUMMA="7.00" STAMP="20190325T13:22:10000" PUBLISHED="N" RET="0" M_MALE="0" M_AGE="0" ZAKAZNO="38"/><ROW POS_ID="1" SMENA_ID="4544" CHECKNO="727690" SUMMA="26.00" EKR_CHECKNO="0" EKR_SUMMA="26.00" STAMP="20190325T13:22:48000" PUBLISHED="N" RET="0" M_MALE="0" M_AGE="0" ZAKAZNO="39"/><ROW POS_ID="1" SMENA_ID="4544" CHECKNO="727691" SUMMA="138.00" EKR_CHECKNO="0" EKR_SUMMA="138.00" STAMP="20190325T13:27:17000" PUBLISHED="N" RET="0" M_MALE="0" M_AGE="0" ZAKAZNO="40"/><ROW POS_ID="1" SMENA_ID="4544" CHECKNO="727692" SUMMA="30.00" EKR_CHECKNO="0" EKR_SUMMA="30.00" STAMP="20190325T13:34:28000" PUBLISHED="N" RET="0" M_MALE="0" M_AGE="0" ZAKAZNO="41"/><ROW POS_ID="1" SMENA_ID="4544" CHECKNO="727693" SUMMA="13.00" EKR_CHECKNO="0" EKR_SUMMA="13.00" STAMP="20190325T13:37:11000" PUBLISHED="N" RET="0" M_MALE="0" M_AGE="0" ZAKAZNO="42"/><ROW POS_ID="1" SMENA_ID="4544" CHECKNO="727694" SUMMA="17.00" EKR_CHECKNO="0" EKR_SUMMA="17.00" STAMP="20190325T13:48:21000" PUBLISHED="N" RET="0" M_MALE="0" M_AGE="0" ZAKAZNO="43"/><ROW POS_ID="1" SMENA_ID="4544" CHECKNO="727695" SUMMA="70.00" EKR_CHECKNO="0" EKR_SUMMA="70.00" STAMP="20190325T13:50:48000" PUBLISHED="N" RET="0" M_MALE="0" M_AGE="0" ZAKAZNO="44"/><ROW POS_ID="1" SMENA_ID="4544" CHECKNO="727696" SUMMA="38.00" EKR_CHECKNO="0" EKR_SUMMA="38.00" STAMP="20190325T13:54:40000" PUBLISHED="N" RET="0" M_MALE="0" M_AGE="0" ZAKAZNO="45"/><ROW POS_ID="1" SMENA_ID="4544" CHECKNO="727697" SUMMA="6.00" EKR_CHECKNO="0" EKR_SUMMA="6.00" STAMP="20190325T14:08:46000" PUBLISHED="N" RET="0" M_MALE="0" M_AGE="0" ZAKAZNO="46"/><ROW POS_ID="1" SMENA_ID="4544" CHECKNO="727698" SUMMA="18.00" EKR_CHECKNO="0" EKR_SUMMA="18.00" STAMP="20190325T14:15:24000" PUBLISHED="N" RET="0" M_MALE="0" M_AGE="0" ZAKAZNO="47"/><ROW POS_ID="1" SMENA_ID="4544" CHECKNO="727699" SUMMA="33.00" EKR_CHECKNO="0" EKR_SUMMA="33.00" STAMP="20190325T14:18:20000" PUBLISHED="N" RET="0" M_MALE="0" M_AGE="0" ZAKAZNO="48"/><ROW POS_ID="1" SMENA_ID="4544" CHECKNO="727700" SUMMA="35.00" EKR_CHECKNO="0" EKR_SUMMA="35.00" STAMP="20190325T14:23:18000" PUBLISHED="N" RET="0" M_MALE="0" M_AGE="0" ZAKAZNO="49"/><ROW POS_ID="1" SMENA_ID="4544" CHECKNO="727701" SUMMA="17.00" EKR_CHECKNO="0" EKR_SUMMA="17.00" STAMP="20190325T14:24:46000" PUBLISHED="N" RET="0" M_MALE="0" M_AGE="0" ZAKAZNO="50"/><ROW POS_ID="1" SMENA_ID="4541" CHECKNO="727434" SUMMA="42.00" EKR_CHECKNO="0" EKR_SUMMA="42.00" STAMP="20190322T09:44:48000" PUBLISHED="U" RET="0" M_MALE="0" M_AGE="0" ZAKAZNO="2"/><ROW POS_ID="1" SMENA_ID="4541" CHECKNO="727435" SUMMA="11.00" EKR_CHECKNO="0" EKR_SUMMA="11.00" STAMP="20190322T09:50:02000" PUBLISHED="U" RET="0" M_MALE="0" M_AGE="0" ZAKAZNO="3"/><ROW POS_ID="1" SMENA_ID="4541" CHECKNO="727436" SUMMA="21.00" EKR_CHECKNO="0" EKR_SUMMA="21.00" STAMP="20190322T10:02:44000" PUBLISHED="U" RET="0" M_MALE="0" M_AGE="0" ZAKAZNO="4"/><ROW POS_ID="1" SMENA_ID="4541" CHECKNO="727437" SUMMA="58.00" EKR_CHECKNO="0" EKR_SUMMA="58.00" STAMP="20190322T10:13:31000" PUBLISHED="U" RET="0" M_MALE="0" M_AGE="0" ZAKAZNO="5"/><ROW POS_ID="1" SMENA_ID="4541" CHECKNO="727438" SUMMA="17.00" EKR_CHECKNO="0" EKR_SUMMA="17.00" STAMP="20190322T10:16:31000" PUBLISHED="U" RET="0" M_MALE="0" M_AGE="0" ZAKAZNO="6"/><ROW POS_ID="1" SMENA_ID="4541" CHECKNO="727439" SUMMA="13.00" EKR_CHECKNO="0" EKR_SUMMA="13.00" STAMP="20190322T10:40:01000" PUBLISHED="U" RET="0" M_MALE="0" M_AGE="0" ZAKAZNO="7"/><ROW POS_ID="1" SMENA_ID="4541" CHECKNO="727440" SUMMA="60.00" EKR_CHECKNO="0" EKR_SUMMA="60.00" STAMP="20190322T10:45:13000" PUBLISHED="U" RET="0" M_MALE="0" M_AGE="0" ZAKAZNO="8"/><ROW POS_ID="1" SMENA_ID="4541" CHECKNO="727441" SUMMA="33.00" EKR_CHECKNO="0" EKR_SUMMA="33.00" STAMP="20190322T10:49:34000" PUBLISHED="U" RET="0" M_MALE="0" M_AGE="0" ZAKAZNO="9"/><ROW POS_ID="1" SMENA_ID="4541" CHECKNO="727442" SUMMA="17.00" EKR_CHECKNO="0" EKR_SUMMA="17.00" STAMP="20190322T10:59:36000" PUBLISHED="U" RET="0" M_MALE="0" M_AGE="0" ZAKAZNO="10"/><ROW POS_ID="1" SMENA_ID="4541" CHECKNO="727443" SUMMA="74.00" EKR_CHECKNO="0" EKR_SUMMA="74.00" STAMP="20190322T11:07:53000" PUBLISHED="U" RET="0" M_MALE="0" M_AGE="0" ZAKAZNO="11"/><ROW POS_ID="1" SMENA_ID="4541" CHECKNO="727444" SUMMA="28.00" EKR_CHECKNO="0" EKR_SUMMA="28.00" STAMP="20190322T11:35:06000" PUBLISHED="U" RET="0" M_MALE="0" M_AGE="0" ZAKAZNO="12"/><ROW POS_ID="1" SMENA_ID="4541" CHECKNO="727445" SUMMA="7.00" EKR_CHECKNO="0" EKR_SUMMA="7.00" STAMP="20190322T11:36:52000" PUBLISHED="U" RET="0" M_MALE="0" M_AGE="0" ZAKAZNO="13"/><ROW POS_ID="1" SMENA_ID="4541" CHECKNO="727446" SUMMA="45.00" EKR_CHECKNO="0" EKR_SUMMA="45.00" STAMP="20190322T11:42:10000" PUBLISHED="U" RET="0" M_MALE="0" M_AGE="0" ZAKAZNO="14"/><ROW POS_ID="1" SMENA_ID="4541" CHECKNO="727447" SUMMA="9.00" EKR_CHECKNO="0" EKR_SUMMA="9.00" STAMP="20190322T12:05:42000" PUBLISHED="U" RET="0" M_MALE="0" M_AGE="0" ZAKAZNO="15"/><ROW POS_ID="1" SMENA_ID="4541" CHECKNO="727448" SUMMA="39.00" EKR_CHECKNO="0" EKR_SUMMA="39.00" STAMP="20190322T12:34:38000" PUBLISHED="U" RET="0" M_MALE="0" M_AGE="0" ZAKAZNO="16"/><ROW POS_ID="1" SMENA_ID="4541" CHECKNO="727449" SUMMA="42.00" EKR_CHECKNO="0" EKR_SUMMA="42.00" STAMP="20190322T12:37:53000" PUBLISHED="U" RET="0" M_MALE="0" M_AGE="0" ZAKAZNO="17"/><ROW POS_ID="1" SMENA_ID="4541" CHECKNO="727450" SUMMA="17.00" EKR_CHECKNO="0" EKR_SUMMA="17.00" STAMP="20190322T12:39:48000" PUBLISHED="U" RET="0" M_MALE="0" M_AGE="0" ZAKAZNO="18"/><ROW POS_ID="1" SMENA_ID="4541" CHECKNO="727451" SUMMA="37.00" EKR_CHECKNO="0" EKR_SUMMA="37.00" STAMP="20190322T12:56:07000" PUBLISHED="U" RET="0" M_MALE="0" M_AGE="0" ZAKAZNO="19"/><ROW POS_ID="1" SMENA_ID="4541" CHECKNO="727452" SUMMA="9.00" EKR_CHECKNO="0" EKR_SUMMA="9.00" STAMP="20190322T12:59:49000" PUBLISHED="U" RET="0" M_MALE="0" M_AGE="0" ZAKAZNO="20"/><ROW POS_ID="1" SMENA_ID="4541" CHECKNO="727453" SUMMA="25.00" EKR_CHECKNO="0" EKR_SUMMA="25.00" STAMP="20190322T13:04:30000" PUBLISHED="U" RET="0" M_MALE="0" M_AGE="0" ZAKAZNO="21"/><ROW POS_ID="1" SMENA_ID="4541" CHECKNO="727454" SUMMA="38.00" EKR_CHECKNO="0" EKR_SUMMA="38.00" STAMP="20190322T13:17:15000" PUBLISHED="U" RET="0" M_MALE="0" M_AGE="0" ZAKAZNO="22"/><ROW POS_ID="1" SMENA_ID="4541" CHECKNO="727455" SUMMA="103.00" EKR_CHECKNO="0" EKR_SUMMA="103.00" STAMP="20190322T13:23:15000" PUBLISHED="U" RET="0" M_MALE="0" M_AGE="0" ZAKAZNO="23"/><ROW POS_ID="1" SMENA_ID="4541" CHECKNO="727456" SUMMA="78.00" EKR_CHECKNO="0" EKR_SUMMA="78.00" STAMP="20190322T13:24:38000" PUBLISHED="U" RET="0" M_MALE="0" M_AGE="0" ZAKAZNO="24"/><ROW POS_ID="1" SMENA_ID="4541" CHECKNO="727457" SUMMA="84.00" EKR_CHECKNO="0" EKR_SUMMA="84.00" STAMP="20190322T13:27:14000" PUBLISHED="U" RET="0" M_MALE="0" M_AGE="0" ZAKAZNO="25"/><ROW POS_ID="1" SMENA_ID="4541" CHECKNO="727458" SUMMA="84.00" EKR_CHECKNO="0" EKR_SUMMA="84.00" STAMP="20190322T13:31:53000" PUBLISHED="U" RET="0" M_MALE="0" M_AGE="0" ZAKAZNO="26"/><ROW POS_ID="1" SMENA_ID="4541" CHECKNO="727459" SUMMA="39.00" EKR_CHECKNO="0" EKR_SUMMA="39.00" STAMP="20190322T13:35:10000" PUBLISHED="U" RET="0" M_MALE="0" M_AGE="0" ZAKAZNO="27"/><ROW POS_ID="1" SMENA_ID="4541" CHECKNO="727460" SUMMA="30.00" EKR_CHECKNO="0" EKR_SUMMA="30.00" STAMP="20190322T13:53:29000" PUBLISHED="U" RET="0" M_MALE="0" M_AGE="0" ZAKAZNO="28"/><ROW POS_ID="1" SMENA_ID="4541" CHECKNO="727461" SUMMA="100.00" EKR_CHECKNO="0" EKR_SUMMA="100.00" STAMP="20190322T13:56:21000" PUBLISHED="U" RET="0" M_MALE="0" M_AGE="0" ZAKAZNO="29"/><ROW POS_ID="1" SMENA_ID="4541" CHECKNO="727462" SUMMA="16.00" EKR_CHECKNO="0" EKR_SUMMA="16.00" STAMP="20190322T13:57:10000" PUBLISHED="U" RET="0" M_MALE="0" M_AGE="0" ZAKAZNO="30"/><ROW POS_ID="1" SMENA_ID="4541" CHECKNO="727463" SUMMA="11.00" EKR_CHECKNO="0" EKR_SUMMA="11.00" STAMP="20190322T13:57:42000" PUBLISHED="U" RET="0" M_MALE="0" M_AGE="0" ZAKAZNO="31"/><ROW POS_ID="1" SMENA_ID="4541" CHECKNO="727464" SUMMA="37.00" EKR_CHECKNO="0" EKR_SUMMA="37.00" STAMP="20190322T14:04:10000" PUBLISHED="U" RET="0" M_MALE="0" M_AGE="0" ZAKAZNO="32"/><ROW POS_ID="1" SMENA_ID="4541" CHECKNO="727465" SUMMA="33.00" EKR_CHECKNO="0" EKR_SUMMA="33.00" STAMP="20190322T14:07:20000" PUBLISHED="U" RET="0" M_MALE="0" M_AGE="0" ZAKAZNO="33"/><ROW POS_ID="1" SMENA_ID="4541" CHECKNO="727466" SUMMA="33.00" EKR_CHECKNO="0" EKR_SUMMA="33.00" STAMP="20190322T14:14:03000" PUBLISHED="U" RET="0" M_MALE="0" M_AGE="0" ZAKAZNO="34"/><ROW POS_ID="1" SMENA_ID="4541" CHECKNO="727467" SUMMA="87.00" EKR_CHECKNO="0" EKR_SUMMA="87.00" STAMP="20190322T14:15:59000" PUBLISHED="U" RET="0" M_MALE="0" M_AGE="0" ZAKAZNO="35"/><ROW POS_ID="1" SMENA_ID="4541" CHECKNO="727468" SUMMA="22.00" EKR_CHECKNO="0" EKR_SUMMA="22.00" STAMP="20190322T14:38:36000" PUBLISHED="U" RET="0" M_MALE="0" M_AGE="0" ZAKAZNO="36"/><ROW POS_ID="1" SMENA_ID="4541" CHECKNO="727469" SUMMA="14.00" EKR_CHECKNO="0" EKR_SUMMA="14.00" STAMP="20190322T14:39:13000" PUBLISHED="U" RET="0" M_MALE="0" M_AGE="0" ZAKAZNO="37"/><ROW POS_ID="1" SMENA_ID="4541" CHECKNO="727470" SUMMA="22.00" EKR_CHECKNO="0" EKR_SUMMA="22.00" STAMP="20190322T14:47:42000" PUBLISHED="U" RET="0" M_MALE="0" M_AGE="0" ZAKAZNO="38"/><ROW POS_ID="1" SMENA_ID="4541" CHECKNO="727471" SUMMA="59.00" EKR_CHECKNO="0" EKR_SUMMA="59.00" STAMP="20190322T14:48:54000" PUBLISHED="U" RET="0" M_MALE="0" M_AGE="0" ZAKAZNO="39"/><ROW POS_ID="1" SMENA_ID="4541" CHECKNO="727472" SUMMA="9.00" EKR_CHECKNO="0" EKR_SUMMA="9.00" STAMP="20190322T15:09:44000" PUBLISHED="U" RET="0" M_MALE="0" M_AGE="0" ZAKAZNO="40"/><ROW POS_ID="1" SMENA_ID="4541" CHECKNO="727473" SUMMA="74.00" EKR_CHECKNO="0" EKR_SUMMA="74.00" STAMP="20190322T15:20:05000" PUBLISHED="U" RET="0" M_MALE="0" M_AGE="0" ZAKAZNO="41"/><ROW POS_ID="1" SMENA_ID="4541" CHECKNO="727474" SUMMA="47.00" EKR_CHECKNO="0" EKR_SUMMA="47.00" STAMP="20190322T15:36:49000" PUBLISHED="U" RET="0" M_MALE="0" M_AGE="0" ZAKAZNO="42"/><ROW POS_ID="1" SMENA_ID="4541" CHECKNO="727475" SUMMA="48.00" EKR_CHECKNO="0" EKR_SUMMA="48.00" STAMP="20190322T16:00:37000" PUBLISHED="U" RET="0" M_MALE="0" M_AGE="0" ZAKAZNO="43"/><ROW POS_ID="1" SMENA_ID="4541" CHECKNO="727476" SUMMA="33.00" EKR_CHECKNO="0" EKR_SUMMA="33.00" STAMP="20190322T16:04:08000" PUBLISHED="U" RET="0" M_MALE="0" M_AGE="0" ZAKAZNO="44"/><ROW POS_ID="1" SMENA_ID="4541" CHECKNO="727477" SUMMA="35.00" EKR_CHECKNO="0" EKR_SUMMA="35.00" STAMP="20190322T16:10:50000" PUBLISHED="U" RET="0" M_MALE="0" M_AGE="0" ZAKAZNO="45"/><ROW POS_ID="1" SMENA_ID="4541" CHECKNO="727478" SUMMA="21.00" EKR_CHECKNO="0" EKR_SUMMA="21.00" STAMP="20190322T16:15:13000" PUBLISHED="U" RET="0" M_MALE="0" M_AGE="0" ZAKAZNO="46"/><ROW POS_ID="1" SMENA_ID="4541" CHECKNO="727479" SUMMA="60.00" EKR_CHECKNO="0" EKR_SUMMA="60.00" STAMP="20190322T16:19:52000" PUBLISHED="U" RET="0" M_MALE="0" M_AGE="0" ZAKAZNO="47"/><ROW POS_ID="1" SMENA_ID="4541" CHECKNO="727480" SUMMA="38.00" EKR_CHECKNO="0" EKR_SUMMA="38.00" STAMP="20190322T16:29:52000" PUBLISHED="U" RET="0" M_MALE="0" M_AGE="0" ZAKAZNO="48"/><ROW POS_ID="1" SMENA_ID="4541" CHECKNO="727481" SUMMA="60.00" EKR_CHECKNO="0" EKR_SUMMA="60.00" STAMP="20190322T16:36:01000" PUBLISHED="U" RET="0" M_MALE="0" M_AGE="0" ZAKAZNO="49"/><ROW POS_ID="1" SMENA_ID="4541" CHECKNO="727482" SUMMA="60.00" EKR_CHECKNO="0" EKR_SUMMA="60.00" STAMP="20190322T16:37:33000" PUBLISHED="U" RET="0" M_MALE="0" M_AGE="0" ZAKAZNO="50"/><ROW POS_ID="1" SMENA_ID="4541" CHECKNO="727483" SUMMA="39.00" EKR_CHECKNO="0" EKR_SUMMA="39.00" STAMP="20190322T16:41:01000" PUBLISHED="U" RET="0" M_MALE="0" M_AGE="0" ZAKAZNO="51"/><ROW POS_ID="1" SMENA_ID="4541" CHECKNO="727484" SUMMA="28.00" EKR_CHECKNO="0" EKR_SUMMA="28.00" STAMP="20190322T16:59:47000" PUBLISHED="U" RET="0" M_MALE="0" M_AGE="0" ZAKAZNO="52"/><ROW POS_ID="1" SMENA_ID="4541" CHECKNO="727485" SUMMA="38.00" EKR_CHECKNO="0" EKR_SUMMA="38.00" STAMP="20190322T17:07:32000" PUBLISHED="U" RET="0" M_MALE="0" M_AGE="0" ZAKAZNO="53"/><ROW POS_ID="1" SMENA_ID="4541" CHECKNO="727486" SUMMA="11.00" EKR_CHECKNO="0" EKR_SUMMA="11.00" STAMP="20190322T17:19:27000" PUBLISHED="U" RET="0" M_MALE="0" M_AGE="0" ZAKAZNO="54"/><ROW POS_ID="1" SMENA_ID="4541" CHECKNO="727487" SUMMA="17.00" EKR_CHECKNO="0" EKR_SUMMA="17.00" STAMP="20190322T17:29:19000" PUBLISHED="U" RET="0" M_MALE="0" M_AGE="0" ZAKAZNO="55"/><ROW POS_ID="1" SMENA_ID="4541" CHECKNO="727488" SUMMA="60.00" EKR_CHECKNO="0" EKR_SUMMA="60.00" STAMP="20190322T17:30:40000" PUBLISHED="U" RET="0" M_MALE="0" M_AGE="0" ZAKAZNO="56"/><ROW POS_ID="1" SMENA_ID="4541" CHECKNO="727489" SUMMA="35.00" EKR_CHECKNO="0" EKR_SUMMA="35.00" STAMP="20190322T17:35:30000" PUBLISHED="U" RET="0" M_MALE="0" M_AGE="0" ZAKAZNO="57"/><ROW POS_ID="1" SMENA_ID="4541" CHECKNO="727490" SUMMA="66.00" EKR_CHECKNO="0" EKR_SUMMA="66.00" STAMP="20190322T17:38:17000" PUBLISHED="U" RET="0" M_MALE="0" M_AGE="0" ZAKAZNO="58"/><ROW POS_ID="1" SMENA_ID="4541" CHECKNO="727491" SUMMA="29.00" EKR_CHECKNO="0" EKR_SUMMA="29.00" STAMP="20190322T17:45:52000" PUBLISHED="U" RET="0" M_MALE="0" M_AGE="0" ZAKAZNO="59"/><ROW POS_ID="1" SMENA_ID="4541" CHECKNO="727492" SUMMA="21.00" EKR_CHECKNO="0" EKR_SUMMA="21.00" STAMP="20190322T17:49:16000" PUBLISHED="U" RET="0" M_MALE="0" M_AGE="0" ZAKAZNO="60"/><ROW POS_ID="1" SMENA_ID="4541" CHECKNO="727493" SUMMA="7.00" EKR_CHECKNO="0" EKR_SUMMA="7.00" STAMP="20190322T17:52:42000" PUBLISHED="U" RET="0" M_MALE="0" M_AGE="0" ZAKAZNO="61"/><ROW POS_ID="1" SMENA_ID="4541" CHECKNO="727494" SUMMA="49.00" EKR_CHECKNO="0" EKR_SUMMA="49.00" STAMP="20190322T18:09:11000" PUBLISHED="U" RET="0" M_MALE="0" M_AGE="0" ZAKAZNO="62"/><ROW POS_ID="1" SMENA_ID="4541" CHECKNO="727495" SUMMA="76.00" EKR_CHECKNO="0" EKR_SUMMA="76.00" STAMP="20190322T18:18:56000" PUBLISHED="U" RET="0" M_MALE="0" M_AGE="0" ZAKAZNO="63"/><ROW POS_ID="1" SMENA_ID="4541" CHECKNO="727496" SUMMA="19.00" EKR_CHECKNO="0" EKR_SUMMA="19.00" STAMP="20190322T18:31:59000" PUBLISHED="U" RET="0" M_MALE="0" M_AGE="0" ZAKAZNO="64"/><ROW POS_ID="1" SMENA_ID="4541" CHECKNO="727497" SUMMA="129.00" EKR_CHECKNO="0" EKR_SUMMA="129.00" STAMP="20190322T18:39:01000" PUBLISHED="U" RET="0" M_MALE="0" M_AGE="0" ZAKAZNO="65"/><ROW POS_ID="1" SMENA_ID="4541" CHECKNO="727498" SUMMA="45.00" EKR_CHECKNO="0" EKR_SUMMA="45.00" STAMP="20190322T19:03:02000" PUBLISHED="U" RET="0" M_MALE="0" M_AGE="0" ZAKAZNO="66"/><ROW POS_ID="1" SMENA_ID="4541" CHECKNO="727499" SUMMA="51.00" EKR_CHECKNO="0" EKR_SUMMA="51.00" STAMP="20190322T19:09:07000" PUBLISHED="U" RET="0" M_MALE="0" M_AGE="0" ZAKAZNO="67"/><ROW POS_ID="1" SMENA_ID="4541" CHECKNO="727500" SUMMA="29.00" EKR_CHECKNO="0" EKR_SUMMA="29.00" STAMP="20190322T19:20:05000" PUBLISHED="U" RET="0" M_MALE="0" M_AGE="0" ZAKAZNO="68"/><ROW POS_ID="1" SMENA_ID="4541" CHECKNO="727501" SUMMA="19.00" EKR_CHECKNO="0" EKR_SUMMA="19.00" STAMP="20190322T19:23:36000" PUBLISHED="U" RET="0" M_MALE="0" M_AGE="0" ZAKAZNO="69"/><ROW POS_ID="1" SMENA_ID="4541" CHECKNO="727502" SUMMA="30.00" EKR_CHECKNO="0" EKR_SUMMA="30.00" STAMP="20190322T19:54:53000" PUBLISHED="U" RET="0" M_MALE="0" M_AGE="0" ZAKAZNO="70"/><ROW POS_ID="1" SMENA_ID="4542" CHECKNO="727503" SUMMA="24.00" EKR_CHECKNO="0" EKR_SUMMA="24.00" STAMP="20190323T09:12:44000" PUBLISHED="U" RET="0" M_MALE="0" M_AGE="0" ZAKAZNO="1"/><ROW POS_ID="1" SMENA_ID="4542" CHECKNO="727504" SUMMA="36.00" EKR_CHECKNO="0" EKR_SUMMA="36.00" STAMP="20190323T09:28:19000" PUBLISHED="U" RET="0" M_MALE="0" M_AGE="0" ZAKAZNO="2"/><ROW POS_ID="1" SMENA_ID="4542" CHECKNO="727505" SUMMA="68.00" EKR_CHECKNO="0" EKR_SUMMA="68.00" STAMP="20190323T10:09:53000" PUBLISHED="U" RET="0" M_MALE="0" M_AGE="0" ZAKAZNO="3"/><ROW POS_ID="1" SMENA_ID="4542" CHECKNO="727506" SUMMA="39.00" EKR_CHECKNO="0" EKR_SUMMA="39.00" STAMP="20190323T10:13:42000" PUBLISHED="U" RET="0" M_MALE="0" M_AGE="0" ZAKAZNO="4"/><ROW POS_ID="1" SMENA_ID="4542" CHECKNO="727507" SUMMA="21.00" EKR_CHECKNO="0" EKR_SUMMA="21.00" STAMP="20190323T10:32:07000" PUBLISHED="U" RET="0" M_MALE="0" M_AGE="0" ZAKAZNO="5"/><ROW POS_ID="1" SMENA_ID="4542" CHECKNO="727508" SUMMA="32.00" EKR_CHECKNO="0" EKR_SUMMA="32.00" STAMP="20190323T10:32:59000" PUBLISHED="U" RET="0" M_MALE="0" M_AGE="0" ZAKAZNO="6"/><ROW POS_ID="1" SMENA_ID="4542" CHECKNO="727509" SUMMA="52.00" EKR_CHECKNO="0" EKR_SUMMA="52.00" STAMP="20190323T10:34:47000" PUBLISHED="U" RET="0" M_MALE="0" M_AGE="0" ZAKAZNO="7"/><ROW POS_ID="1" SMENA_ID="4542" CHECKNO="727510" SUMMA="31.00" EKR_CHECKNO="0" EKR_SUMMA="31.00" STAMP="20190323T10:48:25000" PUBLISHED="U" RET="0" M_MALE="0" M_AGE="0" ZAKAZNO="8"/><ROW POS_ID="1" SMENA_ID="4542" CHECKNO="727511" SUMMA="44.00" EKR_CHECKNO="0" EKR_SUMMA="44.00" STAMP="20190323T11:01:52000" PUBLISHED="U" RET="0" M_MALE="0" M_AGE="0" ZAKAZNO="9"/><ROW POS_ID="1" SMENA_ID="4542" CHECKNO="727512" SUMMA="14.00" EKR_CHECKNO="0" EKR_SUMMA="14.00" STAMP="20190323T11:15:39000" PUBLISHED="U" RET="0" M_MALE="0" M_AGE="0" ZAKAZNO="10"/><ROW POS_ID="1" SMENA_ID="4542" CHECKNO="727513" SUMMA="26.00" EKR_CHECKNO="0" EKR_SUMMA="26.00" STAMP="20190323T11:24:37000" PUBLISHED="U" RET="0" M_MALE="0" M_AGE="0" ZAKAZNO="11"/><ROW POS_ID="1" SMENA_ID="4542" CHECKNO="727514" SUMMA="29.00" EKR_CHECKNO="0" EKR_SUMMA="29.00" STAMP="20190323T11:27:23000" PUBLISHED="U" RET="0" M_MALE="0" M_AGE="0" ZAKAZNO="12"/><ROW POS_ID="1" SMENA_ID="4542" CHECKNO="727515" SUMMA="21.00" EKR_CHECKNO="0" EKR_SUMMA="21.00" STAMP="20190323T11:27:55000" PUBLISHED="U" RET="0" M_MALE="0" M_AGE="0" ZAKAZNO="13"/><ROW POS_ID="1" SMENA_ID="4542" CHECKNO="727516" SUMMA="7.00" EKR_CHECKNO="0" EKR_SUMMA="7.00" STAMP="20190323T11:30:16000" PUBLISHED="U" RET="0" M_MALE="0" M_AGE="0" ZAKAZNO="14"/><ROW POS_ID="1" SMENA_ID="4542" CHECKNO="727517" SUMMA="21.00" EKR_CHECKNO="0" EKR_SUMMA="21.00" STAMP="20190323T11:31:08000" PUBLISHED="U" RET="0" M_MALE="0" M_AGE="0" ZAKAZNO="15"/><ROW POS_ID="1" SMENA_ID="4542" CHECKNO="727518" SUMMA="13.00" EKR_CHECKNO="0" EKR_SUMMA="13.00" STAMP="20190323T11:33:41000" PUBLISHED="U" RET="0" M_MALE="0" M_AGE="0" ZAKAZNO="16"/><ROW POS_ID="1" SMENA_ID="4542" CHECKNO="727519" SUMMA="9.00" EKR_CHECKNO="0" EKR_SUMMA="9.00" STAMP="20190323T11:51:30000" PUBLISHED="U" RET="0" M_MALE="0" M_AGE="0" ZAKAZNO="17"/><ROW POS_ID="1" SMENA_ID="4542" CHECKNO="727520" SUMMA="48.00" EKR_CHECKNO="0" EKR_SUMMA="48.00" STAMP="20190323T11:53:23000" PUBLISHED="U" RET="0" M_MALE="0" M_AGE="0" ZAKAZNO="18"/><ROW POS_ID="1" SMENA_ID="4542" CHECKNO="727521" SUMMA="24.00" EKR_CHECKNO="0" EKR_SUMMA="24.00" STAMP="20190323T11:59:19000" PUBLISHED="U" RET="0" M_MALE="0" M_AGE="0" ZAKAZNO="19"/><ROW POS_ID="1" SMENA_ID="4542" CHECKNO="727522" SUMMA="37.00" EKR_CHECKNO="0" EKR_SUMMA="37.00" STAMP="20190323T12:04:43000" PUBLISHED="U" RET="0" M_MALE="0" M_AGE="0" ZAKAZNO="20"/><ROW POS_ID="1" SMENA_ID="4542" CHECKNO="727523" SUMMA="20.00" EKR_CHECKNO="0" EKR_SUMMA="20.00" STAMP="20190323T12:05:33000" PUBLISHED="U" RET="0" M_MALE="0" M_AGE="0" ZAKAZNO="21"/><ROW POS_ID="1" SMENA_ID="4542" CHECKNO="727524" SUMMA="30.00" EKR_CHECKNO="0" EKR_SUMMA="30.00" STAMP="20190323T12:12:21000" PUBLISHED="U" RET="0" M_MALE="0" M_AGE="0" ZAKAZNO="22"/><ROW POS_ID="1" SMENA_ID="4542" CHECKNO="727525" SUMMA="9.00" EKR_CHECKNO="0" EKR_SUMMA="9.00" STAMP="20190323T12:16:58000" PUBLISHED="U" RET="0" M_MALE="0" M_AGE="0" ZAKAZNO="23"/><ROW POS_ID="1" SMENA_ID="4542" CHECKNO="727526" SUMMA="26.00" EKR_CHECKNO="0" EKR_SUMMA="26.00" STAMP="20190323T12:22:45000" PUBLISHED="U" RET="0" M_MALE="0" M_AGE="0" ZAKAZNO="24"/><ROW POS_ID="1" SMENA_ID="4542" CHECKNO="727527" SUMMA="18.00" EKR_CHECKNO="0" EKR_SUMMA="18.00" STAMP="20190323T12:25:49000" PUBLISHED="U" RET="0" M_MALE="0" M_AGE="0" ZAKAZNO="25"/><ROW POS_ID="1" SMENA_ID="4542" CHECKNO="727528" SUMMA="7.00" EKR_CHECKNO="0" EKR_SUMMA="7.00" STAMP="20190323T12:37:31000" PUBLISHED="U" RET="0" M_MALE="0" M_AGE="0" ZAKAZNO="26"/><ROW POS_ID="1" SMENA_ID="4542" CHECKNO="727529" SUMMA="22.00" EKR_CHECKNO="0" EKR_SUMMA="22.00" STAMP="20190323T12:46:47000" PUBLISHED="U" RET="0" M_MALE="0" M_AGE="0" ZAKAZNO="27"/><ROW POS_ID="1" SMENA_ID="4542" CHECKNO="727530" SUMMA="12.00" EKR_CHECKNO="0" EKR_SUMMA="12.00" STAMP="20190323T12:54:01000" PUBLISHED="U" RET="0" M_MALE="0" M_AGE="0" ZAKAZNO="28"/><ROW POS_ID="1" SMENA_ID="4542" CHECKNO="727531" SUMMA="22.00" EKR_CHECKNO="0" EKR_SUMMA="22.00" STAMP="20190323T12:57:37000" PUBLISHED="U" RET="0" M_MALE="0" M_AGE="0" ZAKAZNO="29"/><ROW POS_ID="1" SMENA_ID="4542" CHECKNO="727532" SUMMA="30.00" EKR_CHECKNO="0" EKR_SUMMA="30.00" STAMP="20190323T13:06:42000" PUBLISHED="U" RET="0" M_MALE="0" M_AGE="0" ZAKAZNO="30"/><ROW POS_ID="1" SMENA_ID="4542" CHECKNO="727533" SUMMA="17.00" EKR_CHECKNO="0" EKR_SUMMA="17.00" STAMP="20190323T13:10:36000" PUBLISHED="U" RET="0" M_MALE="0" M_AGE="0" ZAKAZNO="31"/><ROW POS_ID="1" SMENA_ID="4542" CHECKNO="727534" SUMMA="93.00" EKR_CHECKNO="0" EKR_SUMMA="93.00" STAMP="20190323T13:24:37000" PUBLISHED="U" RET="0" M_MALE="0" M_AGE="0" ZAKAZNO="32"/><ROW POS_ID="1" SMENA_ID="4542" CHECKNO="727535" SUMMA="75.00" EKR_CHECKNO="0" EKR_SUMMA="75.00" STAMP="20190323T13:28:03000" PUBLISHED="U" RET="0" M_MALE="0" M_AGE="0" ZAKAZNO="33"/><ROW POS_ID="1" SMENA_ID="4542" CHECKNO="727536" SUMMA="44.00" EKR_CHECKNO="0" EKR_SUMMA="44.00" STAMP="20190323T13:47:35000" PUBLISHED="U" RET="0" M_MALE="0" M_AGE="0" ZAKAZNO="34"/><ROW POS_ID="1" SMENA_ID="4542" CHECKNO="727537" SUMMA="7.00" EKR_CHECKNO="0" EKR_SUMMA="7.00" STAMP="20190323T13:51:23000" PUBLISHED="U" RET="0" M_MALE="0" M_AGE="0" ZAKAZNO="36"/><ROW POS_ID="1" SMENA_ID="4542" CHECKNO="727538" SUMMA="21.00" EKR_CHECKNO="0" EKR_SUMMA="21.00" STAMP="20190323T13:52:24000" PUBLISHED="U" RET="0" M_MALE="0" M_AGE="0" ZAKAZNO="35"/><ROW POS_ID="1" SMENA_ID="4542" CHECKNO="727539" SUMMA="30.00" EKR_CHECKNO="0" EKR_SUMMA="30.00" STAMP="20190323T13:53:20000" PUBLISHED="U" RET="0" M_MALE="0" M_AGE="0" ZAKAZNO="38"/><ROW POS_ID="1" SMENA_ID="4542" CHECKNO="727540" SUMMA="24.00" EKR_CHECKNO="0" EKR_SUMMA="24.00" STAMP="20190323T13:55:53000" PUBLISHED="U" RET="0" M_MALE="0" M_AGE="0" ZAKAZNO="39"/><ROW POS_ID="1" SMENA_ID="4542" CHECKNO="727541" SUMMA="13.00" EKR_CHECKNO="0" EKR_SUMMA="13.00" STAMP="20190323T13:57:11000" PUBLISHED="U" RET="1" ZAKAZNO="0"/><ROW POS_ID="1" SMENA_ID="4542" CHECKNO="727542" SUMMA="27.00" EKR_CHECKNO="0" EKR_SUMMA="27.00" STAMP="20190323T13:58:00000" PUBLISHED="U" RET="0" M_MALE="0" M_AGE="0" ZAKAZNO="40"/><ROW POS_ID="1" SMENA_ID="4542" CHECKNO="727543" SUMMA="12.00" EKR_CHECKNO="0" EKR_SUMMA="12.00" STAMP="20190323T14:01:17000" PUBLISHED="U" RET="0" M_MALE="0" M_AGE="0" ZAKAZNO="41"/><ROW POS_ID="1" SMENA_ID="4542" CHECKNO="727544" SUMMA="39.00" EKR_CHECKNO="0" EKR_SUMMA="39.00" STAMP="20190323T14:04:40000" PUBLISHED="U" RET="0" M_MALE="0" M_AGE="0" ZAKAZNO="42"/><ROW POS_ID="1" SMENA_ID="4542" CHECKNO="727545" SUMMA="75.00" EKR_CHECKNO="0" EKR_SUMMA="75.00" STAMP="20190323T14:09:08000" PUBLISHED="U" RET="0" M_MALE="0" M_AGE="0" ZAKAZNO="43"/><ROW POS_ID="1" SMENA_ID="4542" CHECKNO="727546" SUMMA="39.00" EKR_CHECKNO="0" EKR_SUMMA="39.00" STAMP="20190323T14:13:28000" PUBLISHED="U" RET="0" M_MALE="0" M_AGE="0" ZAKAZNO="44"/><ROW POS_ID="1" SMENA_ID="4542" CHECKNO="727547" SUMMA="39.00" EKR_CHECKNO="0" EKR_SUMMA="39.00" STAMP="20190323T14:14:22000" PUBLISHED="U" RET="0" M_MALE="0" M_AGE="0" ZAKAZNO="45"/><ROW POS_ID="1" SMENA_ID="4542" CHECKNO="727548" SUMMA="36.00" EKR_CHECKNO="0" EKR_SUMMA="36.00" STAMP="20190323T14:16:02000" PUBLISHED="U" RET="0" M_MALE="0" M_AGE="0" ZAKAZNO="46"/><ROW POS_ID="1" SMENA_ID="4542" CHECKNO="727549" SUMMA="42.00" EKR_CHECKNO="0" EKR_SUMMA="42.00" STAMP="20190323T14:21:00000" PUBLISHED="U" RET="0" M_MALE="0" M_AGE="0" ZAKAZNO="47"/><ROW POS_ID="1" SMENA_ID="4542" CHECKNO="727550" SUMMA="31.00" EKR_CHECKNO="0" EKR_SUMMA="31.00" STAMP="20190323T14:22:13000" PUBLISHED="U" RET="0" M_MALE="0" M_AGE="0" ZAKAZNO="48"/><ROW POS_ID="1" SMENA_ID="4542" CHECKNO="727551" SUMMA="58.00" EKR_CHECKNO="0" EKR_SUMMA="58.00" STAMP="20190323T14:23:54000" PUBLISHED="U" RET="0" M_MALE="0" M_AGE="0" ZAKAZNO="49"/><ROW POS_ID="1" SMENA_ID="4542" CHECKNO="727552" SUMMA="19.00" EKR_CHECKNO="0" EKR_SUMMA="19.00" STAMP="20190323T14:28:31000" PUBLISHED="U" RET="0" M_MALE="0" M_AGE="0" ZAKAZNO="50"/><ROW POS_ID="1" SMENA_ID="4542" CHECKNO="727553" SUMMA="37.00" EKR_CHECKNO="0" EKR_SUMMA="37.00" STAMP="20190323T15:15:50000" PUBLISHED="U" RET="0" M_MALE="0" M_AGE="0" ZAKAZNO="51"/><ROW POS_ID="1" SMENA_ID="4542" CHECKNO="727554" SUMMA="24.00" EKR_CHECKNO="0" EKR_SUMMA="24.00" STAMP="20190323T15:19:02000" PUBLISHED="U" RET="0" M_MALE="0" M_AGE="0" ZAKAZNO="52"/><ROW POS_ID="1" SMENA_ID="4542" CHECKNO="727555" SUMMA="99.00" EKR_CHECKNO="0" EKR_SUMMA="99.00" STAMP="20190323T15:22:06000" PUBLISHED="U" RET="0" M_MALE="0" M_AGE="0" ZAKAZNO="53"/><ROW POS_ID="1" SMENA_ID="4542" CHECKNO="727556" SUMMA="18.00" EKR_CHECKNO="0" EKR_SUMMA="18.00" STAMP="20190323T15:27:55000" PUBLISHED="U" RET="0" M_MALE="0" M_AGE="0" ZAKAZNO="54"/><ROW POS_ID="1" SMENA_ID="4542" CHECKNO="727557" SUMMA="78.00" EKR_CHECKNO="0" EKR_SUMMA="78.00" STAMP="20190323T15:44:36000" PUBLISHED="U" RET="0" M_MALE="0" M_AGE="0" ZAKAZNO="55"/><ROW POS_ID="1" SMENA_ID="4542" CHECKNO="727558" SUMMA="11.00" EKR_CHECKNO="0" EKR_SUMMA="11.00" STAMP="20190323T15:59:33000" PUBLISHED="U" RET="0" M_MALE="0" M_AGE="0" ZAKAZNO="56"/><ROW POS_ID="1" SMENA_ID="4542" CHECKNO="727559" SUMMA="28.00" EKR_CHECKNO="0" EKR_SUMMA="28.00" STAMP="20190323T16:27:17000" PUBLISHED="U" RET="0" M_MALE="0" M_AGE="0" ZAKAZNO="57"/><ROW POS_ID="1" SMENA_ID="4542" CHECKNO="727560" SUMMA="37.00" EKR_CHECKNO="0" EKR_SUMMA="37.00" STAMP="20190323T16:33:57000" PUBLISHED="U" RET="0" M_MALE="0" M_AGE="0" ZAKAZNO="58"/><ROW POS_ID="1" SMENA_ID="4542" CHECKNO="727561" SUMMA="20.00" EKR_CHECKNO="0" EKR_SUMMA="20.00" STAMP="20190323T16:34:10000" PUBLISHED="U" RET="0" M_MALE="0" M_AGE="0" ZAKAZNO="59"/><ROW POS_ID="1" SMENA_ID="4542" CHECKNO="727562" SUMMA="64.00" EKR_CHECKNO="0" EKR_SUMMA="64.00" STAMP="20190323T16:35:35000" PUBLISHED="U" RET="0" M_MALE="0" M_AGE="0" ZAKAZNO="60"/><ROW POS_ID="1" SMENA_ID="4542" CHECKNO="727563" SUMMA="14.00" EKR_CHECKNO="0" EKR_SUMMA="14.00" STAMP="20190323T16:45:01000" PUBLISHED="U" RET="0" M_MALE="0" M_AGE="0" ZAKAZNO="61"/><ROW POS_ID="1" SMENA_ID="4542" CHECKNO="727564" SUMMA="84.00" EKR_CHECKNO="0" EKR_SUMMA="84.00" STAMP="20190323T16:53:59000" PUBLISHED="U" RET="0" M_MALE="0" M_AGE="0" ZAKAZNO="62"/><ROW POS_ID="1" SMENA_ID="4542" CHECKNO="727565" SUMMA="24.00" EKR_CHECKNO="0" EKR_SUMMA="24.00" STAMP="20190323T17:00:50000" PUBLISHED="U" RET="0" M_MALE="0" M_AGE="0" ZAKAZNO="63"/><ROW POS_ID="1" SMENA_ID="4542" CHECKNO="727566" SUMMA="41.00" EKR_CHECKNO="0" EKR_SUMMA="41.00" STAMP="20190323T17:05:20000" PUBLISHED="U" RET="0" M_MALE="0" M_AGE="0" ZAKAZNO="64"/><ROW POS_ID="1" SMENA_ID="4542" CHECKNO="727567" SUMMA="30.00" EKR_CHECKNO="0" EKR_SUMMA="30.00" STAMP="20190323T17:20:36000" PUBLISHED="U" RET="0" M_MALE="0" M_AGE="0" ZAKAZNO="65"/><ROW POS_ID="1" SMENA_ID="4542" CHECKNO="727568" SUMMA="41.00" EKR_CHECKNO="0" EKR_SUMMA="41.00" STAMP="20190323T17:26:21000" PUBLISHED="U" RET="0" M_MALE="0" M_AGE="0" ZAKAZNO="66"/><ROW POS_ID="1" SMENA_ID="4542" CHECKNO="727569" SUMMA="13.00" EKR_CHECKNO="0" EKR_SUMMA="13.00" STAMP="20190323T17:39:46000" PUBLISHED="U" RET="0" M_MALE="0" M_AGE="0" ZAKAZNO="67"/><ROW POS_ID="1" SMENA_ID="4542" CHECKNO="727570" SUMMA="66.00" EKR_CHECKNO="0" EKR_SUMMA="66.00" STAMP="20190323T17:46:01000" PUBLISHED="U" RET="0" M_MALE="0" M_AGE="0" ZAKAZNO="68"/><ROW POS_ID="1" SMENA_ID="4542" CHECKNO="727571" SUMMA="17.00" EKR_CHECKNO="0" EKR_SUMMA="17.00" STAMP="20190323T17:52:26000" PUBLISHED="U" RET="0" M_MALE="0" M_AGE="0" ZAKAZNO="69"/><ROW POS_ID="1" SMENA_ID="4542" CHECKNO="727572" SUMMA="68.00" EKR_CHECKNO="0" EKR_SUMMA="68.00" STAMP="20190323T17:58:45000" PUBLISHED="U" RET="0" M_MALE="0" M_AGE="0" ZAKAZNO="70"/><ROW POS_ID="1" SMENA_ID="4542" CHECKNO="727573" SUMMA="11.00" EKR_CHECKNO="0" EKR_SUMMA="11.00" STAMP="20190323T18:19:29000" PUBLISHED="U" RET="0" M_MALE="0" M_AGE="0" ZAKAZNO="71"/><ROW POS_ID="1" SMENA_ID="4542" CHECKNO="727574" SUMMA="44.00" EKR_CHECKNO="0" EKR_SUMMA="44.00" STAMP="20190323T18:28:33000" PUBLISHED="U" RET="0" M_MALE="0" M_AGE="0" ZAKAZNO="72"/><ROW POS_ID="1" SMENA_ID="4542" CHECKNO="727575" SUMMA="15.00" EKR_CHECKNO="0" EKR_SUMMA="15.00" STAMP="20190323T18:31:59000" PUBLISHED="U" RET="0" M_MALE="0" M_AGE="0" ZAKAZNO="73"/><ROW POS_ID="1" SMENA_ID="4542" CHECKNO="727576" SUMMA="36.00" EKR_CHECKNO="0" EKR_SUMMA="36.00" STAMP="20190323T18:32:29000" PUBLISHED="U" RET="0" M_MALE="0" M_AGE="0" ZAKAZNO="74"/><ROW POS_ID="1" SMENA_ID="4542" CHECKNO="727577" SUMMA="66.00" EKR_CHECKNO="0" EKR_SUMMA="66.00" STAMP="20190323T18:42:51000" PUBLISHED="U" RET="0" M_MALE="0" M_AGE="0" ZAKAZNO="75"/><ROW POS_ID="1" SMENA_ID="4542" CHECKNO="727578" SUMMA="146.00" EKR_CHECKNO="0" EKR_SUMMA="146.00" STAMP="20190323T18:47:13000" PUBLISHED="U" RET="0" M_MALE="0" M_AGE="0" ZAKAZNO="76"/><ROW POS_ID="1" SMENA_ID="4542" CHECKNO="727579" SUMMA="15.00" EKR_CHECKNO="0" EKR_SUMMA="15.00" STAMP="20190323T19:09:24000" PUBLISHED="U" RET="0" M_MALE="0" M_AGE="0" ZAKAZNO="77"/><ROW POS_ID="1" SMENA_ID="4542" CHECKNO="727580" SUMMA="21.00" EKR_CHECKNO="0" EKR_SUMMA="21.00" STAMP="20190323T19:13:03000" PUBLISHED="U" RET="0" M_MALE="0" M_AGE="0" ZAKAZNO="78"/><ROW POS_ID="1" SMENA_ID="4542" CHECKNO="727581" SUMMA="24.00" EKR_CHECKNO="0" EKR_SUMMA="24.00" STAMP="20190323T19:17:58000" PUBLISHED="U" RET="0" M_MALE="0" M_AGE="0" ZAKAZNO="79"/><ROW POS_ID="1" SMENA_ID="4542" CHECKNO="727582" SUMMA="47.00" EKR_CHECKNO="0" EKR_SUMMA="47.00" STAMP="20190323T20:14:35000" PUBLISHED="U" RET="0" M_MALE="0" M_AGE="0" ZAKAZNO="80"/><ROW POS_ID="1" SMENA_ID="4543" CHECKNO="727583" SUMMA="33.00" EKR_CHECKNO="0" EKR_SUMMA="33.00" STAMP="20190324T09:23:59000" PUBLISHED="U" RET="0" M_MALE="0" M_AGE="0" ZAKAZNO="1"/><ROW POS_ID="1" SMENA_ID="4543" CHECKNO="727584" SUMMA="42.00" EKR_CHECKNO="0" EKR_SUMMA="42.00" STAMP="20190324T09:48:29000" PUBLISHED="U" RET="0" M_MALE="0" M_AGE="0" ZAKAZNO="2"/><ROW POS_ID="1" SMENA_ID="4543" CHECKNO="727585" SUMMA="33.00" EKR_CHECKNO="0" EKR_SUMMA="33.00" STAMP="20190324T10:10:05000" PUBLISHED="U" RET="0" M_MALE="0" M_AGE="0" ZAKAZNO="3"/><ROW POS_ID="1" SMENA_ID="4543" CHECKNO="727586" SUMMA="7.00" EKR_CHECKNO="0" EKR_SUMMA="7.00" STAMP="20190324T10:12:49000" PUBLISHED="U" RET="0" M_MALE="0" M_AGE="0" ZAKAZNO="4"/><ROW POS_ID="1" SMENA_ID="4543" CHECKNO="727587" SUMMA="35.00" EKR_CHECKNO="0" EKR_SUMMA="35.00" STAMP="20190324T10:45:36000" PUBLISHED="U" RET="0" M_MALE="0" M_AGE="0" ZAKAZNO="5"/><ROW POS_ID="1" SMENA_ID="4543" CHECKNO="727588" SUMMA="9.00" EKR_CHECKNO="0" EKR_SUMMA="9.00" STAMP="20190324T10:50:02000" PUBLISHED="U" RET="0" M_MALE="0" M_AGE="0" ZAKAZNO="6"/><ROW POS_ID="1" SMENA_ID="4543" CHECKNO="727589" SUMMA="42.00" EKR_CHECKNO="0" EKR_SUMMA="42.00" STAMP="20190324T10:56:31000" PUBLISHED="U" RET="0" M_MALE="0" M_AGE="0" ZAKAZNO="7"/><ROW POS_ID="1" SMENA_ID="4543" CHECKNO="727590" SUMMA="47.00" EKR_CHECKNO="0" EKR_SUMMA="47.00" STAMP="20190324T11:11:20000" PUBLISHED="U" RET="0" M_MALE="0" M_AGE="0" ZAKAZNO="8"/><ROW POS_ID="1" SMENA_ID="4543" CHECKNO="727591" SUMMA="48.00" EKR_CHECKNO="0" EKR_SUMMA="48.00" STAMP="20190324T11:19:59000" PUBLISHED="U" RET="0" M_MALE="0" M_AGE="0" ZAKAZNO="9"/><ROW POS_ID="1" SMENA_ID="4543" CHECKNO="727592" SUMMA="7.00" EKR_CHECKNO="0" EKR_SUMMA="7.00" STAMP="20190324T11:32:22000" PUBLISHED="U" RET="0" M_MALE="0" M_AGE="0" ZAKAZNO="10"/><ROW POS_ID="1" SMENA_ID="4543" CHECKNO="727593" SUMMA="53.00" EKR_CHECKNO="0" EKR_SUMMA="53.00" STAMP="20190324T11:37:09000" PUBLISHED="U" RET="0" M_MALE="0" M_AGE="0" ZAKAZNO="11"/><ROW POS_ID="1" SMENA_ID="4543" CHECKNO="727594" SUMMA="63.00" EKR_CHECKNO="0" EKR_SUMMA="63.00" STAMP="20190324T11:43:44000" PUBLISHED="U" RET="0" M_MALE="0" M_AGE="0" ZAKAZNO="12"/><ROW POS_ID="1" SMENA_ID="4543" CHECKNO="727595" SUMMA="48.00" EKR_CHECKNO="0" EKR_SUMMA="48.00" STAMP="20190324T11:44:38000" PUBLISHED="U" RET="0" M_MALE="0" M_AGE="0" ZAKAZNO="13"/><ROW POS_ID="1" SMENA_ID="4543" CHECKNO="727596" SUMMA="35.00" EKR_CHECKNO="0" EKR_SUMMA="35.00" STAMP="20190324T11:48:00000" PUBLISHED="U" RET="0" M_MALE="0" M_AGE="0" ZAKAZNO="14"/><ROW POS_ID="1" SMENA_ID="4543" CHECKNO="727597" SUMMA="30.00" EKR_CHECKNO="0" EKR_SUMMA="30.00" STAMP="20190324T11:57:15000" PUBLISHED="U" RET="0" M_MALE="0" M_AGE="0" ZAKAZNO="15"/><ROW POS_ID="1" SMENA_ID="4543" CHECKNO="727598" SUMMA="74.00" EKR_CHECKNO="0" EKR_SUMMA="74.00" STAMP="20190324T12:06:15000" PUBLISHED="U" RET="0" M_MALE="0" M_AGE="0" ZAKAZNO="16"/><ROW POS_ID="1" SMENA_ID="4543" CHECKNO="727599" SUMMA="24.00" EKR_CHECKNO="0" EKR_SUMMA="24.00" STAMP="20190324T12:08:31000" PUBLISHED="U" RET="0" M_MALE="0" M_AGE="0" ZAKAZNO="17"/><ROW POS_ID="1" SMENA_ID="4543" CHECKNO="727600" SUMMA="40.00" EKR_CHECKNO="0" EKR_SUMMA="40.00" STAMP="20190324T12:17:08000" PUBLISHED="U" RET="0" M_MALE="0" M_AGE="0" ZAKAZNO="18"/><ROW POS_ID="1" SMENA_ID="4543" CHECKNO="727601" SUMMA="30.00" EKR_CHECKNO="0" EKR_SUMMA="30.00" STAMP="20190324T12:24:58000" PUBLISHED="U" RET="0" M_MALE="0" M_AGE="0" ZAKAZNO="19"/><ROW POS_ID="1" SMENA_ID="4543" CHECKNO="727602" SUMMA="33.00" EKR_CHECKNO="0" EKR_SUMMA="33.00" STAMP="20190324T12:42:26000" PUBLISHED="U" RET="0" M_MALE="0" M_AGE="0" ZAKAZNO="20"/><ROW POS_ID="1" SMENA_ID="4543" CHECKNO="727603" SUMMA="9.00" EKR_CHECKNO="0" EKR_SUMMA="9.00" STAMP="20190324T12:46:40000" PUBLISHED="U" RET="0" M_MALE="0" M_AGE="0" ZAKAZNO="21"/><ROW POS_ID="1" SMENA_ID="4543" CHECKNO="727604" SUMMA="8.00" EKR_CHECKNO="0" EKR_SUMMA="8.00" STAMP="20190324T12:53:36000" PUBLISHED="U" RET="0" M_MALE="0" M_AGE="0" ZAKAZNO="22"/><ROW POS_ID="1" SMENA_ID="4543" CHECKNO="727605" SUMMA="65.00" EKR_CHECKNO="0" EKR_SUMMA="65.00" STAMP="20190324T12:54:56000" PUBLISHED="U" RET="0" M_MALE="0" M_AGE="0" ZAKAZNO="23"/><ROW POS_ID="1" SMENA_ID="4543" CHECKNO="727606" SUMMA="29.00" EKR_CHECKNO="0" EKR_SUMMA="29.00" STAMP="20190324T13:04:03000" PUBLISHED="U" RET="0" M_MALE="0" M_AGE="0" ZAKAZNO="24"/><ROW POS_ID="1" SMENA_ID="4543" CHECKNO="727607" SUMMA="25.00" EKR_CHECKNO="0" EKR_SUMMA="25.00" STAMP="20190324T13:07:48000" PUBLISHED="U" RET="0" M_MALE="0" M_AGE="0" ZAKAZNO="25"/><ROW POS_ID="1" SMENA_ID="4543" CHECKNO="727608" SUMMA="36.00" EKR_CHECKNO="0" EKR_SUMMA="36.00" STAMP="20190324T13:09:46000" PUBLISHED="U" RET="0" M_MALE="0" M_AGE="0" ZAKAZNO="26"/><ROW POS_ID="1" SMENA_ID="4543" CHECKNO="727609" SUMMA="21.00" EKR_CHECKNO="0" EKR_SUMMA="21.00" STAMP="20190324T13:11:41000" PUBLISHED="U" RET="0" M_MALE="0" M_AGE="0" ZAKAZNO="27"/><ROW POS_ID="1" SMENA_ID="4543" CHECKNO="727610" SUMMA="20.00" EKR_CHECKNO="0" EKR_SUMMA="20.00" STAMP="20190324T13:37:09000" PUBLISHED="U" RET="0" M_MALE="0" M_AGE="0" ZAKAZNO="28"/><ROW POS_ID="1" SMENA_ID="4543" CHECKNO="727611" SUMMA="24.00" EKR_CHECKNO="0" EKR_SUMMA="24.00" STAMP="20190324T13:39:30000" PUBLISHED="U" RET="0" M_MALE="0" M_AGE="0" ZAKAZNO="29"/><ROW POS_ID="1" SMENA_ID="4543" CHECKNO="727612" SUMMA="17.00" EKR_CHECKNO="0" EKR_SUMMA="17.00" STAMP="20190324T13:40:30000" PUBLISHED="U" RET="0" M_MALE="0" M_AGE="0" ZAKAZNO="30"/><ROW POS_ID="1" SMENA_ID="4543" CHECKNO="727613" SUMMA="24.00" EKR_CHECKNO="0" EKR_SUMMA="24.00" STAMP="20190324T13:43:36000" PUBLISHED="U" RET="0" M_MALE="0" M_AGE="0" ZAKAZNO="31"/><ROW POS_ID="1" SMENA_ID="4543" CHECKNO="727614" SUMMA="81.00" EKR_CHECKNO="0" EKR_SUMMA="81.00" STAMP="20190324T13:44:59000" PUBLISHED="U" RET="0" M_MALE="0" M_AGE="0" ZAKAZNO="32"/><ROW POS_ID="1" SMENA_ID="4543" CHECKNO="727615" SUMMA="24.00" EKR_CHECKNO="0" EKR_SUMMA="24.00" STAMP="20190324T13:49:12000" PUBLISHED="U" RET="0" M_MALE="0" M_AGE="0" ZAKAZNO="33"/><ROW POS_ID="1" SMENA_ID="4543" CHECKNO="727616" SUMMA="9.00" EKR_CHECKNO="0" EKR_SUMMA="9.00" STAMP="20190324T13:51:17000" PUBLISHED="U" RET="0" M_MALE="0" M_AGE="0" ZAKAZNO="34"/><ROW POS_ID="1" SMENA_ID="4543" CHECKNO="727617" SUMMA="6.00" EKR_CHECKNO="0" EKR_SUMMA="6.00" STAMP="20190324T13:59:17000" PUBLISHED="U" RET="0" M_MALE="0" M_AGE="0" ZAKAZNO="35"/><ROW POS_ID="1" SMENA_ID="4543" CHECKNO="727618" SUMMA="73.00" EKR_CHECKNO="0" EKR_SUMMA="73.00" STAMP="20190324T14:06:35000" PUBLISHED="U" RET="0" M_MALE="0" M_AGE="0" ZAKAZNO="36"/><ROW POS_ID="1" SMENA_ID="4543" CHECKNO="727619" SUMMA="72.00" EKR_CHECKNO="0" EKR_SUMMA="72.00" STAMP="20190324T14:18:18000" PUBLISHED="U" RET="0" M_MALE="0" M_AGE="0" ZAKAZNO="37"/><ROW POS_ID="1" SMENA_ID="4543" CHECKNO="727620" SUMMA="40.00" EKR_CHECKNO="0" EKR_SUMMA="40.00" STAMP="20190324T14:32:44000" PUBLISHED="U" RET="0" M_MALE="0" M_AGE="0" ZAKAZNO="38"/><ROW POS_ID="1" SMENA_ID="4543" CHECKNO="727621" SUMMA="35.00" EKR_CHECKNO="0" EKR_SUMMA="35.00" STAMP="20190324T14:35:15000" PUBLISHED="U" RET="0" M_MALE="0" M_AGE="0" ZAKAZNO="39"/><ROW POS_ID="1" SMENA_ID="4543" CHECKNO="727622" SUMMA="20.00" EKR_CHECKNO="0" EKR_SUMMA="20.00" STAMP="20190324T14:40:45000" PUBLISHED="U" RET="0" M_MALE="0" M_AGE="0" ZAKAZNO="40"/><ROW POS_ID="1" SMENA_ID="4543" CHECKNO="727623" SUMMA="42.00" EKR_CHECKNO="0" EKR_SUMMA="42.00" STAMP="20190324T14:44:10000" PUBLISHED="U" RET="0" M_MALE="0" M_AGE="0" ZAKAZNO="41"/><ROW POS_ID="1" SMENA_ID="4543" CHECKNO="727624" SUMMA="12.00" EKR_CHECKNO="0" EKR_SUMMA="12.00" STAMP="20190324T14:46:35000" PUBLISHED="U" RET="0" M_MALE="0" M_AGE="0" ZAKAZNO="42"/><ROW POS_ID="1" SMENA_ID="4543" CHECKNO="727625" SUMMA="21.00" EKR_CHECKNO="0" EKR_SUMMA="21.00" STAMP="20190324T14:50:51000" PUBLISHED="U" RET="0" M_MALE="0" M_AGE="0" ZAKAZNO="43"/><ROW POS_ID="1" SMENA_ID="4543" CHECKNO="727626" SUMMA="20.00" EKR_CHECKNO="0" EKR_SUMMA="20.00" STAMP="20190324T14:59:00000" PUBLISHED="U" RET="0" M_MALE="0" M_AGE="0" ZAKAZNO="44"/><ROW POS_ID="1" SMENA_ID="4543" CHECKNO="727627" SUMMA="41.00" EKR_CHECKNO="0" EKR_SUMMA="41.00" STAMP="20190324T15:02:28000" PUBLISHED="U" RET="0" M_MALE="0" M_AGE="0" ZAKAZNO="45"/><ROW POS_ID="1" SMENA_ID="4543" CHECKNO="727628" SUMMA="63.00" EKR_CHECKNO="0" EKR_SUMMA="63.00" STAMP="20190324T15:08:26000" PUBLISHED="U" RET="0" M_MALE="0" M_AGE="0" ZAKAZNO="46"/><ROW POS_ID="1" SMENA_ID="4543" CHECKNO="727629" SUMMA="24.00" EKR_CHECKNO="0" EKR_SUMMA="24.00" STAMP="20190324T15:33:22000" PUBLISHED="U" RET="0" M_MALE="0" M_AGE="0" ZAKAZNO="47"/><ROW POS_ID="1" SMENA_ID="4543" CHECKNO="727630" SUMMA="31.00" EKR_CHECKNO="0" EKR_SUMMA="31.00" STAMP="20190324T15:35:18000" PUBLISHED="U" RET="0" M_MALE="0" M_AGE="0" ZAKAZNO="48"/><ROW POS_ID="1" SMENA_ID="4543" CHECKNO="727631" SUMMA="29.00" EKR_CHECKNO="0" EKR_SUMMA="29.00" STAMP="20190324T15:36:02000" PUBLISHED="U" RET="0" M_MALE="0" M_AGE="0" ZAKAZNO="49"/><ROW POS_ID="1" SMENA_ID="4543" CHECKNO="727632" SUMMA="101.00" EKR_CHECKNO="0" EKR_SUMMA="101.00" STAMP="20190324T15:38:08000" PUBLISHED="U" RET="0" M_MALE="0" M_AGE="0" ZAKAZNO="50"/><ROW POS_ID="1" SMENA_ID="4543" CHECKNO="727633" SUMMA="51.00" EKR_CHECKNO="0" EKR_SUMMA="51.00" STAMP="20190324T15:40:30000" PUBLISHED="U" RET="0" M_MALE="0" M_AGE="0" ZAKAZNO="51"/><ROW POS_ID="1" SMENA_ID="4543" CHECKNO="727634" SUMMA="54.00" EKR_CHECKNO="0" EKR_SUMMA="54.00" STAMP="20190324T15:43:01000" PUBLISHED="U" RET="0" M_MALE="0" M_AGE="0" ZAKAZNO="52"/><ROW POS_ID="1" SMENA_ID="4543" CHECKNO="727635" SUMMA="30.00" EKR_CHECKNO="0" EKR_SUMMA="30.00" STAMP="20190324T15:43:33000" PUBLISHED="U" RET="0" M_MALE="0" M_AGE="0" ZAKAZNO="53"/><ROW POS_ID="1" SMENA_ID="4543" CHECKNO="727636" SUMMA="63.00" EKR_CHECKNO="0" EKR_SUMMA="63.00" STAMP="20190324T15:47:54000" PUBLISHED="U" RET="0" M_MALE="0" M_AGE="0" ZAKAZNO="54"/><ROW POS_ID="1" SMENA_ID="4543" CHECKNO="727637" SUMMA="33.00" EKR_CHECKNO="0" EKR_SUMMA="33.00" STAMP="20190324T17:04:20000" PUBLISHED="U" RET="0" M_MALE="0" M_AGE="0" ZAKAZNO="55"/><ROW POS_ID="1" SMENA_ID="4543" CHECKNO="727638" SUMMA="30.00" EKR_CHECKNO="0" EKR_SUMMA="30.00" STAMP="20190324T17:10:41000" PUBLISHED="U" RET="0" M_MALE="0" M_AGE="0" ZAKAZNO="56"/><ROW POS_ID="1" SMENA_ID="4543" CHECKNO="727639" SUMMA="28.00" EKR_CHECKNO="0" EKR_SUMMA="28.00" STAMP="20190324T17:24:44000" PUBLISHED="U" RET="0" M_MALE="0" M_AGE="0" ZAKAZNO="57"/><ROW POS_ID="1" SMENA_ID="4543" CHECKNO="727640" SUMMA="38.00" EKR_CHECKNO="0" EKR_SUMMA="38.00" STAMP="20190324T17:31:44000" PUBLISHED="U" RET="0" M_MALE="0" M_AGE="0" ZAKAZNO="58"/><ROW POS_ID="1" SMENA_ID="4543" CHECKNO="727641" SUMMA="20.00" EKR_CHECKNO="0" EKR_SUMMA="20.00" STAMP="20190324T17:35:27000" PUBLISHED="U" RET="0" M_MALE="0" M_AGE="0" ZAKAZNO="59"/><ROW POS_ID="1" SMENA_ID="4543" CHECKNO="727642" SUMMA="44.00" EKR_CHECKNO="0" EKR_SUMMA="44.00" STAMP="20190324T17:57:05000" PUBLISHED="U" RET="0" M_MALE="0" M_AGE="0" ZAKAZNO="60"/><ROW POS_ID="1" SMENA_ID="4543" CHECKNO="727643" SUMMA="38.00" EKR_CHECKNO="0" EKR_SUMMA="38.00" STAMP="20190324T18:02:43000" PUBLISHED="U" RET="0" M_MALE="0" M_AGE="0" ZAKAZNO="61"/><ROW POS_ID="1" SMENA_ID="4543" CHECKNO="727644" SUMMA="24.00" EKR_CHECKNO="0" EKR_SUMMA="24.00" STAMP="20190324T18:17:26000" PUBLISHED="U" RET="0" M_MALE="0" M_AGE="0" ZAKAZNO="62"/><ROW POS_ID="1" SMENA_ID="4543" CHECKNO="727645" SUMMA="7.00" EKR_CHECKNO="0" EKR_SUMMA="7.00" STAMP="20190324T18:25:20000" PUBLISHED="U" RET="0" M_MALE="0" M_AGE="0" ZAKAZNO="63"/><ROW POS_ID="1" SMENA_ID="4543" CHECKNO="727646" SUMMA="24.00" EKR_CHECKNO="0" EKR_SUMMA="24.00" STAMP="20190324T19:03:43000" PUBLISHED="U" RET="0" M_MALE="0" M_AGE="0" ZAKAZNO="64"/><ROW POS_ID="1" SMENA_ID="4543" CHECKNO="727647" SUMMA="14.00" EKR_CHECKNO="0" EKR_SUMMA="14.00" STAMP="20190324T19:09:49000" PUBLISHED="U" RET="0" M_MALE="0" M_AGE="0" ZAKAZNO="65"/><ROW POS_ID="1" SMENA_ID="4543" CHECKNO="727648" SUMMA="30.00" EKR_CHECKNO="0" EKR_SUMMA="30.00" STAMP="20190324T19:32:54000" PUBLISHED="U" RET="0" M_MALE="0" M_AGE="0" ZAKAZNO="66"/><ROW POS_ID="1" SMENA_ID="4543" CHECKNO="727649" SUMMA="70.00" EKR_CHECKNO="0" EKR_SUMMA="70.00" STAMP="20190324T19:40:05000" PUBLISHED="U" RET="0" M_MALE="0" M_AGE="0" ZAKAZNO="67"/><ROW POS_ID="1" SMENA_ID="4543" CHECKNO="727650" SUMMA="35.00" EKR_CHECKNO="0" EKR_SUMMA="35.00" STAMP="20190324T19:46:23000" PUBLISHED="U" RET="0" M_MALE="0" M_AGE="0" ZAKAZNO="68"/><ROW POS_ID="1" SMENA_ID="4543" CHECKNO="727651" SUMMA="30.00" EKR_CHECKNO="0" EKR_SUMMA="30.00" STAMP="20190324T20:20:18000" PUBLISHED="U" RET="0" M_MALE="0" M_AGE="0" ZAKAZNO="69"/><ROW POS_ID="1" SMENA_ID="4544" CHECKNO="727652" SUMMA="15.00" EKR_CHECKNO="0" EKR_SUMMA="15.00" STAMP="20190325T09:09:56000" PUBLISHED="U" RET="0" M_MALE="0" M_AGE="0" ZAKAZNO="1"/><ROW POS_ID="1" SMENA_ID="4544" CHECKNO="727653" SUMMA="12.00" EKR_CHECKNO="0" EKR_SUMMA="12.00" STAMP="20190325T09:23:57000" PUBLISHED="U" RET="0" M_MALE="0" M_AGE="0" ZAKAZNO="2"/><ROW POS_ID="1" SMENA_ID="4544" CHECKNO="727654" SUMMA="7.00" EKR_CHECKNO="0" EKR_SUMMA="7.00" STAMP="20190325T09:26:18000" PUBLISHED="U" RET="0" M_MALE="0" M_AGE="0" ZAKAZNO="3"/><ROW POS_ID="1" SMENA_ID="4544" CHECKNO="727655" SUMMA="9.00" EKR_CHECKNO="0" EKR_SUMMA="9.00" STAMP="20190325T10:18:12000" PUBLISHED="U" RET="0" M_MALE="0" M_AGE="0" ZAKAZNO="4"/><ROW POS_ID="1" SMENA_ID="4544" CHECKNO="727656" SUMMA="39.00" EKR_CHECKNO="0" EKR_SUMMA="39.00" STAMP="20190325T10:49:40000" PUBLISHED="U" RET="0" M_MALE="0" M_AGE="0" ZAKAZNO="5"/><ROW POS_ID="1" SMENA_ID="4544" CHECKNO="727657" SUMMA="24.00" EKR_CHECKNO="0" EKR_SUMMA="24.00" STAMP="20190325T10:53:57000" PUBLISHED="U" RET="0" M_MALE="0" M_AGE="0" ZAKAZNO="6"/><ROW POS_ID="1" SMENA_ID="4544" CHECKNO="727658" SUMMA="79.00" EKR_CHECKNO="0" EKR_SUMMA="79.00" STAMP="20190325T11:36:12000" PUBLISHED="U" RET="0" M_MALE="0" M_AGE="0" ZAKAZNO="7"/><ROW POS_ID="1" SMENA_ID="4544" CHECKNO="727659" SUMMA="30.00" EKR_CHECKNO="0" EKR_SUMMA="30.00" STAMP="20190325T11:38:56000" PUBLISHED="U" RET="0" M_MALE="0" M_AGE="0" ZAKAZNO="8"/><ROW POS_ID="1" SMENA_ID="4544" CHECKNO="727660" SUMMA="31.00" EKR_CHECKNO="0" EKR_SUMMA="31.00" STAMP="20190325T11:49:30000" PUBLISHED="U" RET="0" M_MALE="0" M_AGE="0" ZAKAZNO="9"/><ROW POS_ID="1" SMENA_ID="4544" CHECKNO="727661" SUMMA="12.00" EKR_CHECKNO="0" EKR_SUMMA="12.00" STAMP="20190325T11:49:49000" PUBLISHED="U" RET="0" M_MALE="0" M_AGE="0" ZAKAZNO="10"/><ROW POS_ID="1" SMENA_ID="4544" CHECKNO="727662" SUMMA="9.00" EKR_CHECKNO="0" EKR_SUMMA="9.00" STAMP="20190325T11:50:15000" PUBLISHED="U" RET="0" M_MALE="0" M_AGE="0" ZAKAZNO="11"/><ROW POS_ID="1" SMENA_ID="4544" CHECKNO="727663" SUMMA="30.00" EKR_CHECKNO="0" EKR_SUMMA="30.00" STAMP="20190325T11:51:57000" PUBLISHED="U" RET="0" M_MALE="0" M_AGE="0" ZAKAZNO="12"/><ROW POS_ID="1" SMENA_ID="4544" CHECKNO="727664" SUMMA="41.00" EKR_CHECKNO="0" EKR_SUMMA="41.00" STAMP="20190325T11:53:08000" PUBLISHED="U" RET="0" M_MALE="0" M_AGE="0" ZAKAZNO="13"/><ROW POS_ID="1" SMENA_ID="4544" CHECKNO="727665" SUMMA="27.00" EKR_CHECKNO="0" EKR_SUMMA="27.00" STAMP="20190325T11:59:49000" PUBLISHED="U" RET="0" M_MALE="0" M_AGE="0" ZAKAZNO="14"/><ROW POS_ID="1" SMENA_ID="4544" CHECKNO="727666" SUMMA="15.00" EKR_CHECKNO="0" EKR_SUMMA="15.00" STAMP="20190325T12:00:29000" PUBLISHED="U" RET="0" M_MALE="0" M_AGE="0" ZAKAZNO="15"/><ROW POS_ID="1" SMENA_ID="4544" CHECKNO="727667" SUMMA="56.00" EKR_CHECKNO="0" EKR_SUMMA="56.00" STAMP="20190325T12:04:49000" PUBLISHED="U" RET="0" M_MALE="0" M_AGE="0" ZAKAZNO="16"/><ROW POS_ID="1" SMENA_ID="4544" CHECKNO="727668" SUMMA="24.00" EKR_CHECKNO="0" EKR_SUMMA="24.00" STAMP="20190325T12:07:16000" PUBLISHED="U" RET="0" M_MALE="0" M_AGE="0" ZAKAZNO="17"/><ROW POS_ID="1" SMENA_ID="4544" CHECKNO="727669" SUMMA="39.00" EKR_CHECKNO="0" EKR_SUMMA="39.00" STAMP="20190325T12:07:51000" PUBLISHED="U" RET="0" M_MALE="0" M_AGE="0" ZAKAZNO="18"/><ROW POS_ID="1" SMENA_ID="4544" CHECKNO="727670" SUMMA="39.00" EKR_CHECKNO="0" EKR_SUMMA="39.00" STAMP="20190325T12:09:49000" PUBLISHED="U" RET="0" M_MALE="0" M_AGE="0" ZAKAZNO="19"/><ROW POS_ID="1" SMENA_ID="4544" CHECKNO="727671" SUMMA="5.00" EKR_CHECKNO="0" EKR_SUMMA="5.00" STAMP="20190325T12:12:13000" PUBLISHED="U" RET="0" M_MALE="0" M_AGE="0" ZAKAZNO="20"/><ROW POS_ID="1" SMENA_ID="4544" CHECKNO="727672" SUMMA="38.00" EKR_CHECKNO="0" EKR_SUMMA="38.00" STAMP="20190325T12:18:26000" PUBLISHED="U" RET="0" M_MALE="0" M_AGE="0" ZAKAZNO="21"/></ROWDATA></DATAPACKET>