<?xml version="1.0" encoding="UTF-8" standalone="yes"?>  <DATAPACKET Version="2.0"><METADATA><FIELDS><FIELD attrname="POS_ID" fieldtype="i4" required="true"><PARAM Name="ORIGIN" Value="PAYCHECKS_TB.POS_ID" Roundtrip="True"/></FIELD><FIELD attrname="CHECKNO" fieldtype="i4" required="true"><PARAM Name="ORIGIN" Value="PAYCHECKS_TB.CHECKNO" Roundtrip="True"/></FIELD><FIELD attrname="STRNO" fieldtype="i2" required="true"><PARAM Name="ORIGIN" Value="PAYCHECKS_TB.STRNO" Roundtrip="True"/></FIELD><FIELD attrname="TOVAR_ID" fieldtype="i4" required="true"><PARAM Name="ORIGIN" Value="PAYCHECKS_TB.TOVAR_ID" Roundtrip="True"/></FIELD><FIELD attrname="KVO" fieldtype="i2"><PARAM Name="ORIGIN" Value="PAYCHECKS_TB.KVO" Roundtrip="True"/></FIELD><FIELD attrname="PRICE" fieldtype="fixed" DECIMALS="2" WIDTH="18"><PARAM Name="ORIGIN" Value="PAYCHECKS_TB.PRICE" Roundtrip="True"/></FIELD><FIELD attrname="SUMMA" fieldtype="fixed" DECIMALS="2" WIDTH="18"><PARAM Name="ORIGIN" Value="PAYCHECKS_TB.SUMMA" Roundtrip="True"/></FIELD><FIELD attrname="PUBLISHED" fieldtype="string" required="true" SUBTYPE="FixedChar" WIDTH="1"><PARAM Name="ORIGIN" Value="PAYCHECKS_TB.PUBLISHED" Roundtrip="True"/></FIELD><FIELD attrname="ROW_NPP" fieldtype="i4"><PARAM Name="ORIGIN" Value="PAYCHECKS_TB.ROW_NPP" Roundtrip="True"/></FIELD></FIELDS><PARAMS/></METADATA><ROWDATA><ROW POS_ID="1" CHECKNO="727673" STRNO="1" TOVAR_ID="7" KVO="1" PRICE="17.00" SUMMA="17.00" PUBLISHED="N" ROW_NPP="0"/><ROW POS_ID="1" CHECKNO="727673" STRNO="2" TOVAR_ID="26" KVO="1" PRICE="9.00" SUMMA="9.00" PUBLISHED="N" ROW_NPP="1"/><ROW POS_ID="1" CHECKNO="727673" STRNO="3" TOVAR_ID="36" KVO="1" PRICE="6.00" SUMMA="6.00" PUBLISHED="N" ROW_NPP="1"/><ROW POS_ID="1" CHECKNO="727674" STRNO="1" TOVAR_ID="7" KVO="1" PRICE="17.00" SUMMA="17.00" PUBLISHED="N" ROW_NPP="0"/><ROW POS_ID="1" CHECKNO="727674" STRNO="2" TOVAR_ID="23" KVO="1" PRICE="7.00" SUMMA="7.00" PUBLISHED="N" ROW_NPP="1"/><ROW POS_ID="1" CHECKNO="727674" STRNO="3" TOVAR_ID="34" KVO="1" PRICE="6.00" SUMMA="6.00" PUBLISHED="N" ROW_NPP="1"/><ROW POS_ID="1" CHECKNO="727675" STRNO="1" TOVAR_ID="682" KVO="1" PRICE="11.00" SUMMA="11.00" PUBLISHED="N" ROW_NPP="0"/><ROW POS_ID="1" CHECKNO="727675" STRNO="2" TOVAR_ID="693" KVO="1" PRICE="5.00" SUMMA="5.00" PUBLISHED="N" ROW_NPP="0"/><ROW POS_ID="1" CHECKNO="727676" STRNO="1" TOVAR_ID="7" KVO="1" PRICE="17.00" SUMMA="17.00" PUBLISHED="N" ROW_NPP="0"/><ROW POS_ID="1" CHECKNO="727676" STRNO="2" TOVAR_ID="23" KVO="1" PRICE="7.00" SUMMA="7.00" PUBLISHED="N" ROW_NPP="1"/><ROW POS_ID="1" CHECKNO="727676" STRNO="3" TOVAR_ID="34" KVO="1" PRICE="6.00" SUMMA="6.00" PUBLISHED="N" ROW_NPP="1"/><ROW POS_ID="1" CHECKNO="727677" STRNO="1" TOVAR_ID="6" KVO="1" PRICE="17.00" SUMMA="17.00" PUBLISHED="N" ROW_NPP="0"/><ROW POS_ID="1" CHECKNO="727677" STRNO="2" TOVAR_ID="23" KVO="1" PRICE="7.00" SUMMA="7.00" PUBLISHED="N" ROW_NPP="1"/><ROW POS_ID="1" CHECKNO="727677" STRNO="3" TOVAR_ID="26" KVO="1" PRICE="9.00" SUMMA="9.00" PUBLISHED="N" ROW_NPP="1"/><ROW POS_ID="1" CHECKNO="727677" STRNO="4" TOVAR_ID="35" KVO="1" PRICE="6.00" SUMMA="6.00" PUBLISHED="N" ROW_NPP="1"/><ROW POS_ID="1" CHECKNO="727677" STRNO="5" TOVAR_ID="27" KVO="1" PRICE="5.00" SUMMA="5.00" PUBLISHED="N" ROW_NPP="1"/><ROW POS_ID="1" CHECKNO="727677" STRNO="6" TOVAR_ID="7" KVO="1" PRICE="17.00" SUMMA="17.00" PUBLISHED="N" ROW_NPP="0"/><ROW POS_ID="1" CHECKNO="727677" STRNO="7" TOVAR_ID="23" KVO="1" PRICE="7.00" SUMMA="7.00" PUBLISHED="N" ROW_NPP="6"/><ROW POS_ID="1" CHECKNO="727677" STRNO="8" TOVAR_ID="656" KVO="1" PRICE="1.00" SUMMA="1.00" PUBLISHED="N" ROW_NPP="6"/><ROW POS_ID="1" CHECKNO="727677" STRNO="9" TOVAR_ID="428" KVO="1" PRICE="5.00" SUMMA="5.00" PUBLISHED="N" ROW_NPP="6"/><ROW POS_ID="1" CHECKNO="727677" STRNO="10" TOVAR_ID="704" KVO="1" PRICE="6.00" SUMMA="6.00" PUBLISHED="N" ROW_NPP="6"/><ROW POS_ID="1" CHECKNO="727677" STRNO="11" TOVAR_ID="35" KVO="1" PRICE="6.00" SUMMA="6.00" PUBLISHED="N" ROW_NPP="6"/><ROW POS_ID="1" CHECKNO="727677" STRNO="12" TOVAR_ID="602" KVO="1" PRICE="9.00" SUMMA="9.00" PUBLISHED="N" ROW_NPP="0"/><ROW POS_ID="1" CHECKNO="727678" STRNO="1" TOVAR_ID="9" KVO="1" PRICE="17.00" SUMMA="17.00" PUBLISHED="N" ROW_NPP="0"/><ROW POS_ID="1" CHECKNO="727678" STRNO="2" TOVAR_ID="23" KVO="1" PRICE="7.00" SUMMA="7.00" PUBLISHED="N" ROW_NPP="1"/><ROW POS_ID="1" CHECKNO="727679" STRNO="1" TOVAR_ID="9" KVO="1" PRICE="17.00" SUMMA="17.00" PUBLISHED="N" ROW_NPP="0"/><ROW POS_ID="1" CHECKNO="727679" STRNO="2" TOVAR_ID="23" KVO="1" PRICE="7.00" SUMMA="7.00" PUBLISHED="N" ROW_NPP="1"/><ROW POS_ID="1" CHECKNO="727680" STRNO="1" TOVAR_ID="633" KVO="1" PRICE="31.00" SUMMA="31.00" PUBLISHED="N" ROW_NPP="0"/><ROW POS_ID="1" CHECKNO="727680" STRNO="2" TOVAR_ID="35" KVO="1" PRICE="6.00" SUMMA="6.00" PUBLISHED="N" ROW_NPP="1"/><ROW POS_ID="1" CHECKNO="727681" STRNO="1" TOVAR_ID="9" KVO="1" PRICE="17.00" SUMMA="17.00" PUBLISHED="N" ROW_NPP="0"/><ROW POS_ID="1" CHECKNO="727681" STRNO="2" TOVAR_ID="23" KVO="1" PRICE="7.00" SUMMA="7.00" PUBLISHED="N" ROW_NPP="1"/><ROW POS_ID="1" CHECKNO="727681" STRNO="3" TOVAR_ID="314" KVO="1" PRICE="5.00" SUMMA="5.00" PUBLISHED="N" ROW_NPP="1"/><ROW POS_ID="1" CHECKNO="727681" STRNO="4" TOVAR_ID="35" KVO="1" PRICE="6.00" SUMMA="6.00" PUBLISHED="N" ROW_NPP="1"/><ROW POS_ID="1" CHECKNO="727682" STRNO="1" TOVAR_ID="9" KVO="1" PRICE="17.00" SUMMA="17.00" PUBLISHED="N" ROW_NPP="0"/><ROW POS_ID="1" CHECKNO="727682" STRNO="2" TOVAR_ID="26" KVO="1" PRICE="9.00" SUMMA="9.00" PUBLISHED="N" ROW_NPP="1"/><ROW POS_ID="1" CHECKNO="727682" STRNO="3" TOVAR_ID="23" KVO="1" PRICE="7.00" SUMMA="7.00" PUBLISHED="N" ROW_NPP="1"/><ROW POS_ID="1" CHECKNO="727682" STRNO="4" TOVAR_ID="35" KVO="1" PRICE="6.00" SUMMA="6.00" PUBLISHED="N" ROW_NPP="1"/><ROW POS_ID="1" CHECKNO="727683" STRNO="1" TOVAR_ID="3" KVO="1" PRICE="26.00" SUMMA="26.00" PUBLISHED="N" ROW_NPP="0"/><ROW POS_ID="1" CHECKNO="727683" STRNO="2" TOVAR_ID="23" KVO="1" PRICE="7.00" SUMMA="7.00" PUBLISHED="N" ROW_NPP="1"/><ROW POS_ID="1" CHECKNO="727683" STRNO="3" TOVAR_ID="533" KVO="1" PRICE="9.00" SUMMA="9.00" PUBLISHED="N" ROW_NPP="0"/><ROW POS_ID="1" CHECKNO="727684" STRNO="1" TOVAR_ID="7" KVO="1" PRICE="17.00" SUMMA="17.00" PUBLISHED="N" ROW_NPP="0"/><ROW POS_ID="1" CHECKNO="727684" STRNO="2" TOVAR_ID="23" KVO="1" PRICE="7.00" SUMMA="7.00" PUBLISHED="N" ROW_NPP="1"/><ROW POS_ID="1" CHECKNO="727684" STRNO="3" TOVAR_ID="314" KVO="1" PRICE="5.00" SUMMA="5.00" PUBLISHED="N" ROW_NPP="1"/><ROW POS_ID="1" CHECKNO="727684" STRNO="4" TOVAR_ID="704" KVO="1" PRICE="6.00" SUMMA="6.00" PUBLISHED="N" ROW_NPP="1"/><ROW POS_ID="1" CHECKNO="727684" STRNO="5" TOVAR_ID="532" KVO="1" PRICE="13.00" SUMMA="13.00" PUBLISHED="N" ROW_NPP="0"/><ROW POS_ID="1" CHECKNO="727685" STRNO="1" TOVAR_ID="7" KVO="1" PRICE="17.00" SUMMA="17.00" PUBLISHED="N" ROW_NPP="0"/><ROW POS_ID="1" CHECKNO="727685" STRNO="2" TOVAR_ID="314" KVO="1" PRICE="5.00" SUMMA="5.00" PUBLISHED="N" ROW_NPP="1"/><ROW POS_ID="1" CHECKNO="727685" STRNO="3" TOVAR_ID="34" KVO="1" PRICE="6.00" SUMMA="6.00" PUBLISHED="N" ROW_NPP="1"/><ROW POS_ID="1" CHECKNO="727686" STRNO="1" TOVAR_ID="7" KVO="1" PRICE="17.00" SUMMA="17.00" PUBLISHED="N" ROW_NPP="0"/><ROW POS_ID="1" CHECKNO="727686" STRNO="2" TOVAR_ID="26" KVO="1" PRICE="9.00" SUMMA="9.00" PUBLISHED="N" ROW_NPP="1"/><ROW POS_ID="1" CHECKNO="727686" STRNO="3" TOVAR_ID="656" KVO="1" PRICE="1.00" SUMMA="1.00" PUBLISHED="N" ROW_NPP="1"/><ROW POS_ID="1" CHECKNO="727686" STRNO="4" TOVAR_ID="23" KVO="1" PRICE="7.00" SUMMA="7.00" PUBLISHED="N" ROW_NPP="1"/><ROW POS_ID="1" CHECKNO="727686" STRNO="5" TOVAR_ID="704" KVO="1" PRICE="6.00" SUMMA="6.00" PUBLISHED="N" ROW_NPP="1"/><ROW POS_ID="1" CHECKNO="727686" STRNO="6" TOVAR_ID="428" KVO="1" PRICE="5.00" SUMMA="5.00" PUBLISHED="N" ROW_NPP="1"/><ROW POS_ID="1" CHECKNO="727686" STRNO="7" TOVAR_ID="36" KVO="1" PRICE="6.00" SUMMA="6.00" PUBLISHED="N" ROW_NPP="1"/><ROW POS_ID="1" CHECKNO="727687" STRNO="1" TOVAR_ID="21" KVO="1" PRICE="13.00" SUMMA="13.00" PUBLISHED="N" ROW_NPP="0"/><ROW POS_ID="1" CHECKNO="727687" STRNO="2" TOVAR_ID="49" KVO="1" PRICE="8.00" SUMMA="8.00" PUBLISHED="N" ROW_NPP="1"/><ROW POS_ID="1" CHECKNO="727687" STRNO="3" TOVAR_ID="625" KVO="1" PRICE="12.00" SUMMA="12.00" PUBLISHED="N" ROW_NPP="0"/><ROW POS_ID="1" CHECKNO="727688" STRNO="1" TOVAR_ID="7" KVO="1" PRICE="17.00" SUMMA="17.00" PUBLISHED="N" ROW_NPP="0"/><ROW POS_ID="1" CHECKNO="727688" STRNO="2" TOVAR_ID="23" KVO="1" PRICE="7.00" SUMMA="7.00" PUBLISHED="N" ROW_NPP="1"/><ROW POS_ID="1" CHECKNO="727688" STRNO="3" TOVAR_ID="35" KVO="1" PRICE="6.00" SUMMA="6.00" PUBLISHED="N" ROW_NPP="1"/><ROW POS_ID="1" CHECKNO="727689" STRNO="1" TOVAR_ID="59" KVO="1" PRICE="7.00" SUMMA="7.00" PUBLISHED="N" ROW_NPP="0"/><ROW POS_ID="1" CHECKNO="727690" STRNO="1" TOVAR_ID="10" KVO="1" PRICE="16.00" SUMMA="16.00" PUBLISHED="N" ROW_NPP="0"/><ROW POS_ID="1" CHECKNO="727690" STRNO="2" TOVAR_ID="693" KVO="1" PRICE="5.00" SUMMA="5.00" PUBLISHED="N" ROW_NPP="1"/><ROW POS_ID="1" CHECKNO="727690" STRNO="3" TOVAR_ID="27" KVO="1" PRICE="5.00" SUMMA="5.00" PUBLISHED="N" ROW_NPP="1"/><ROW POS_ID="1" CHECKNO="727691" STRNO="1" TOVAR_ID="634" KVO="3" PRICE="31.00" SUMMA="93.00" PUBLISHED="N" ROW_NPP="0"/><ROW POS_ID="1" CHECKNO="727691" STRNO="2" TOVAR_ID="34" KVO="3" PRICE="6.00" SUMMA="18.00" PUBLISHED="N" ROW_NPP="1"/><ROW POS_ID="1" CHECKNO="727691" STRNO="3" TOVAR_ID="533" KVO="3" PRICE="9.00" SUMMA="27.00" PUBLISHED="N" ROW_NPP="0"/><ROW POS_ID="1" CHECKNO="727692" STRNO="1" TOVAR_ID="7" KVO="1" PRICE="17.00" SUMMA="17.00" PUBLISHED="N" ROW_NPP="0"/><ROW POS_ID="1" CHECKNO="727692" STRNO="2" TOVAR_ID="23" KVO="1" PRICE="7.00" SUMMA="7.00" PUBLISHED="N" ROW_NPP="1"/><ROW POS_ID="1" CHECKNO="727692" STRNO="3" TOVAR_ID="36" KVO="1" PRICE="6.00" SUMMA="6.00" PUBLISHED="N" ROW_NPP="1"/><ROW POS_ID="1" CHECKNO="727693" STRNO="1" TOVAR_ID="532" KVO="1" PRICE="13.00" SUMMA="13.00" PUBLISHED="N" ROW_NPP="0"/><ROW POS_ID="1" CHECKNO="727694" STRNO="1" TOVAR_ID="7" KVO="1" PRICE="17.00" SUMMA="17.00" PUBLISHED="N" ROW_NPP="0"/><ROW POS_ID="1" CHECKNO="727695" STRNO="1" TOVAR_ID="705" KVO="1" PRICE="19.00" SUMMA="19.00" PUBLISHED="N" ROW_NPP="0"/><ROW POS_ID="1" CHECKNO="727695" STRNO="2" TOVAR_ID="7" KVO="1" PRICE="17.00" SUMMA="17.00" PUBLISHED="N" ROW_NPP="0"/><ROW POS_ID="1" CHECKNO="727695" STRNO="3" TOVAR_ID="26" KVO="1" PRICE="9.00" SUMMA="9.00" PUBLISHED="N" ROW_NPP="2"/><ROW POS_ID="1" CHECKNO="727695" STRNO="4" TOVAR_ID="23" KVO="1" PRICE="7.00" SUMMA="7.00" PUBLISHED="N" ROW_NPP="2"/><ROW POS_ID="1" CHECKNO="727695" STRNO="5" TOVAR_ID="533" KVO="2" PRICE="9.00" SUMMA="18.00" PUBLISHED="N" ROW_NPP="0"/><ROW POS_ID="1" CHECKNO="727696" STRNO="1" TOVAR_ID="21" KVO="2" PRICE="13.00" SUMMA="26.00" PUBLISHED="N" ROW_NPP="0"/><ROW POS_ID="1" CHECKNO="727696" STRNO="2" TOVAR_ID="48" KVO="2" PRICE="6.00" SUMMA="12.00" PUBLISHED="N" ROW_NPP="1"/><ROW POS_ID="1" CHECKNO="727697" STRNO="1" TOVAR_ID="14" KVO="1" PRICE="6.00" SUMMA="6.00" PUBLISHED="N" ROW_NPP="0"/><ROW POS_ID="1" CHECKNO="727698" STRNO="1" TOVAR_ID="11" KVO="1" PRICE="13.00" SUMMA="13.00" PUBLISHED="N" ROW_NPP="0"/><ROW POS_ID="1" CHECKNO="727698" STRNO="2" TOVAR_ID="428" KVO="1" PRICE="5.00" SUMMA="5.00" PUBLISHED="N" ROW_NPP="1"/><ROW POS_ID="1" CHECKNO="727699" STRNO="1" TOVAR_ID="21" KVO="1" PRICE="13.00" SUMMA="13.00" PUBLISHED="N" ROW_NPP="0"/><ROW POS_ID="1" CHECKNO="727699" STRNO="2" TOVAR_ID="49" KVO="1" PRICE="8.00" SUMMA="8.00" PUBLISHED="N" ROW_NPP="1"/><ROW POS_ID="1" CHECKNO="727699" STRNO="3" TOVAR_ID="625" KVO="1" PRICE="12.00" SUMMA="12.00" PUBLISHED="N" ROW_NPP="0"/><ROW POS_ID="1" CHECKNO="727700" STRNO="1" TOVAR_ID="7" KVO="1" PRICE="17.00" SUMMA="17.00" PUBLISHED="N" ROW_NPP="0"/><ROW POS_ID="1" CHECKNO="727700" STRNO="2" TOVAR_ID="23" KVO="1" PRICE="7.00" SUMMA="7.00" PUBLISHED="N" ROW_NPP="1"/><ROW POS_ID="1" CHECKNO="727700" STRNO="3" TOVAR_ID="428" KVO="1" PRICE="5.00" SUMMA="5.00" PUBLISHED="N" ROW_NPP="1"/><ROW POS_ID="1" CHECKNO="727700" STRNO="4" TOVAR_ID="36" KVO="1" PRICE="6.00" SUMMA="6.00" PUBLISHED="N" ROW_NPP="1"/><ROW POS_ID="1" CHECKNO="727701" STRNO="1" TOVAR_ID="7" KVO="1" PRICE="17.00" SUMMA="17.00" PUBLISHED="N" ROW_NPP="0"/><ROW POS_ID="1" CHECKNO="727702" STRNO="1" TOVAR_ID="6" KVO="1" PRICE="17.00" SUMMA="17.00" PUBLISHED="N" ROW_NPP="0"/><ROW POS_ID="1" CHECKNO="727703" STRNO="1" TOVAR_ID="7" KVO="1" PRICE="17.00" SUMMA="17.00" PUBLISHED="N" ROW_NPP="0"/><ROW POS_ID="1" CHECKNO="727703" STRNO="2" TOVAR_ID="23" KVO="1" PRICE="7.00" SUMMA="7.00" PUBLISHED="N" ROW_NPP="1"/><ROW POS_ID="1" CHECKNO="727703" STRNO="3" TOVAR_ID="223" KVO="1" PRICE="7.00" SUMMA="7.00" PUBLISHED="N" ROW_NPP="1"/><ROW POS_ID="1" CHECKNO="727703" STRNO="4" TOVAR_ID="21" KVO="1" PRICE="13.00" SUMMA="13.00" PUBLISHED="N" ROW_NPP="0"/><ROW POS_ID="1" CHECKNO="727703" STRNO="5" TOVAR_ID="499" KVO="1" PRICE="1.00" SUMMA="1.00" PUBLISHED="N" ROW_NPP="4"/><ROW POS_ID="1" CHECKNO="727703" STRNO="6" TOVAR_ID="49" KVO="1" PRICE="8.00" SUMMA="8.00" PUBLISHED="N" ROW_NPP="4"/><ROW POS_ID="1" CHECKNO="727703" STRNO="7" TOVAR_ID="721" KVO="1" PRICE="13.00" SUMMA="13.00" PUBLISHED="N" ROW_NPP="0"/><ROW POS_ID="1" CHECKNO="727704" STRNO="1" TOVAR_ID="7" KVO="1" PRICE="17.00" SUMMA="17.00" PUBLISHED="N" ROW_NPP="0"/><ROW POS_ID="1" CHECKNO="727704" STRNO="2" TOVAR_ID="23" KVO="1" PRICE="7.00" SUMMA="7.00" PUBLISHED="N" ROW_NPP="1"/><ROW POS_ID="1" CHECKNO="727704" STRNO="3" TOVAR_ID="11" KVO="1" PRICE="13.00" SUMMA="13.00" PUBLISHED="N" ROW_NPP="0"/><ROW POS_ID="1" CHECKNO="727705" STRNO="1" TOVAR_ID="6" KVO="1" PRICE="17.00" SUMMA="17.00" PUBLISHED="N" ROW_NPP="0"/><ROW POS_ID="1" CHECKNO="727705" STRNO="2" TOVAR_ID="26" KVO="1" PRICE="9.00" SUMMA="9.00" PUBLISHED="N" ROW_NPP="1"/><ROW POS_ID="1" CHECKNO="727705" STRNO="3" TOVAR_ID="34" KVO="1" PRICE="6.00" SUMMA="6.00" PUBLISHED="N" ROW_NPP="1"/><ROW POS_ID="1" CHECKNO="727705" STRNO="4" TOVAR_ID="533" KVO="1" PRICE="9.00" SUMMA="9.00" PUBLISHED="N" ROW_NPP="0"/><ROW POS_ID="1" CHECKNO="727706" STRNO="1" TOVAR_ID="7" KVO="1" PRICE="17.00" SUMMA="17.00" PUBLISHED="N" ROW_NPP="0"/><ROW POS_ID="1" CHECKNO="727706" STRNO="2" TOVAR_ID="701" KVO="1" PRICE="6.00" SUMMA="6.00" PUBLISHED="N" ROW_NPP="1"/><ROW POS_ID="1" CHECKNO="727707" STRNO="1" TOVAR_ID="20" KVO="1" PRICE="14.00" SUMMA="14.00" PUBLISHED="N" ROW_NPP="0"/><ROW POS_ID="1" CHECKNO="727707" STRNO="2" TOVAR_ID="49" KVO="1" PRICE="8.00" SUMMA="8.00" PUBLISHED="N" ROW_NPP="1"/><ROW POS_ID="1" CHECKNO="727708" STRNO="1" TOVAR_ID="683" KVO="1" PRICE="17.00" SUMMA="17.00" PUBLISHED="N" ROW_NPP="0"/><ROW POS_ID="1" CHECKNO="727708" STRNO="2" TOVAR_ID="457" KVO="1" PRICE="5.00" SUMMA="5.00" PUBLISHED="N" ROW_NPP="1"/><ROW POS_ID="1" CHECKNO="727708" STRNO="3" TOVAR_ID="26" KVO="1" PRICE="9.00" SUMMA="9.00" PUBLISHED="N" ROW_NPP="1"/><ROW POS_ID="1" CHECKNO="727708" STRNO="4" TOVAR_ID="34" KVO="1" PRICE="6.00" SUMMA="6.00" PUBLISHED="N" ROW_NPP="1"/><ROW POS_ID="1" CHECKNO="727709" STRNO="1" TOVAR_ID="7" KVO="1" PRICE="17.00" SUMMA="17.00" PUBLISHED="N" ROW_NPP="0"/><ROW POS_ID="1" CHECKNO="727709" STRNO="2" TOVAR_ID="23" KVO="1" PRICE="7.00" SUMMA="7.00" PUBLISHED="N" ROW_NPP="1"/><ROW POS_ID="1" CHECKNO="727709" STRNO="3" TOVAR_ID="26" KVO="1" PRICE="9.00" SUMMA="9.00" PUBLISHED="N" ROW_NPP="1"/><ROW POS_ID="1" CHECKNO="727710" STRNO="1" TOVAR_ID="7" KVO="1" PRICE="17.00" SUMMA="17.00" PUBLISHED="N" ROW_NPP="0"/><ROW POS_ID="1" CHECKNO="727710" STRNO="2" TOVAR_ID="23" KVO="1" PRICE="7.00" SUMMA="7.00" PUBLISHED="N" ROW_NPP="1"/><ROW POS_ID="1" CHECKNO="727711" STRNO="1" TOVAR_ID="10" KVO="1" PRICE="16.00" SUMMA="16.00" PUBLISHED="N" ROW_NPP="0"/><ROW POS_ID="1" CHECKNO="727711" STRNO="2" TOVAR_ID="23" KVO="1" PRICE="7.00" SUMMA="7.00" PUBLISHED="N" ROW_NPP="1"/><ROW POS_ID="1" CHECKNO="727711" STRNO="3" TOVAR_ID="314" KVO="1" PRICE="5.00" SUMMA="5.00" PUBLISHED="N" ROW_NPP="1"/><ROW POS_ID="1" CHECKNO="727711" STRNO="4" TOVAR_ID="35" KVO="1" PRICE="6.00" SUMMA="6.00" PUBLISHED="N" ROW_NPP="1"/><ROW POS_ID="1" CHECKNO="727712" STRNO="1" TOVAR_ID="7" KVO="1" PRICE="17.00" SUMMA="17.00" PUBLISHED="N" ROW_NPP="0"/><ROW POS_ID="1" CHECKNO="727712" STRNO="2" TOVAR_ID="27" KVO="1" PRICE="5.00" SUMMA="5.00" PUBLISHED="N" ROW_NPP="1"/><ROW POS_ID="1" CHECKNO="727712" STRNO="3" TOVAR_ID="35" KVO="1" PRICE="6.00" SUMMA="6.00" PUBLISHED="N" ROW_NPP="1"/><ROW POS_ID="1" CHECKNO="727713" STRNO="1" TOVAR_ID="7" KVO="1" PRICE="17.00" SUMMA="17.00" PUBLISHED="N" ROW_NPP="0"/><ROW POS_ID="1" CHECKNO="727714" STRNO="1" TOVAR_ID="5" KVO="1" PRICE="11.00" SUMMA="11.00" PUBLISHED="N" ROW_NPP="0"/><ROW POS_ID="1" CHECKNO="727714" STRNO="2" TOVAR_ID="62" KVO="1" PRICE="11.00" SUMMA="11.00" PUBLISHED="N" ROW_NPP="1"/><ROW POS_ID="1" CHECKNO="727714" STRNO="3" TOVAR_ID="428" KVO="1" PRICE="5.00" SUMMA="5.00" PUBLISHED="N" ROW_NPP="1"/><ROW POS_ID="1" CHECKNO="727714" STRNO="4" TOVAR_ID="443" KVO="1" PRICE="9.00" SUMMA="9.00" PUBLISHED="N" ROW_NPP="1"/><ROW POS_ID="1" CHECKNO="727714" STRNO="5" TOVAR_ID="35" KVO="1" PRICE="6.00" SUMMA="6.00" PUBLISHED="N" ROW_NPP="1"/><ROW POS_ID="1" CHECKNO="727715" STRNO="1" TOVAR_ID="11" KVO="1" PRICE="13.00" SUMMA="13.00" PUBLISHED="N" ROW_NPP="0"/><ROW POS_ID="1" CHECKNO="727716" STRNO="1" TOVAR_ID="9" KVO="1" PRICE="17.00" SUMMA="17.00" PUBLISHED="N" ROW_NPP="0"/><ROW POS_ID="1" CHECKNO="727716" STRNO="2" TOVAR_ID="23" KVO="1" PRICE="7.00" SUMMA="7.00" PUBLISHED="N" ROW_NPP="1"/><ROW POS_ID="1" CHECKNO="727716" STRNO="3" TOVAR_ID="36" KVO="1" PRICE="6.00" SUMMA="6.00" PUBLISHED="N" ROW_NPP="1"/><ROW POS_ID="1" CHECKNO="727716" STRNO="4" TOVAR_ID="36" KVO="1" PRICE="6.00" SUMMA="6.00" PUBLISHED="N" ROW_NPP="1"/><ROW POS_ID="1" CHECKNO="727717" STRNO="1" TOVAR_ID="7" KVO="1" PRICE="17.00" SUMMA="17.00" PUBLISHED="N" ROW_NPP="0"/><ROW POS_ID="1" CHECKNO="727717" STRNO="2" TOVAR_ID="28" KVO="1" PRICE="5.00" SUMMA="5.00" PUBLISHED="N" ROW_NPP="1"/><ROW POS_ID="1" CHECKNO="727717" STRNO="3" TOVAR_ID="27" KVO="1" PRICE="5.00" SUMMA="5.00" PUBLISHED="N" ROW_NPP="1"/><ROW POS_ID="1" CHECKNO="727717" STRNO="4" TOVAR_ID="26" KVO="1" PRICE="9.00" SUMMA="9.00" PUBLISHED="N" ROW_NPP="1"/><ROW POS_ID="1" CHECKNO="727717" STRNO="5" TOVAR_ID="32" KVO="1" PRICE="8.00" SUMMA="8.00" PUBLISHED="N" ROW_NPP="1"/><ROW POS_ID="1" CHECKNO="727717" STRNO="6" TOVAR_ID="443" KVO="1" PRICE="9.00" SUMMA="9.00" PUBLISHED="N" ROW_NPP="1"/><ROW POS_ID="1" CHECKNO="727718" STRNO="1" TOVAR_ID="3" KVO="1" PRICE="26.00" SUMMA="26.00" PUBLISHED="N" ROW_NPP="0"/><ROW POS_ID="1" CHECKNO="727718" STRNO="2" TOVAR_ID="23" KVO="1" PRICE="7.00" SUMMA="7.00" PUBLISHED="N" ROW_NPP="1"/><ROW POS_ID="1" CHECKNO="727718" STRNO="3" TOVAR_ID="35" KVO="1" PRICE="6.00" SUMMA="6.00" PUBLISHED="N" ROW_NPP="1"/><ROW POS_ID="1" CHECKNO="727718" STRNO="4" TOVAR_ID="651" KVO="1" PRICE="14.00" SUMMA="14.00" PUBLISHED="N" ROW_NPP="0"/><ROW POS_ID="1" CHECKNO="727719" STRNO="1" TOVAR_ID="7" KVO="2" PRICE="17.00" SUMMA="34.00" PUBLISHED="N" ROW_NPP="0"/><ROW POS_ID="1" CHECKNO="727719" STRNO="2" TOVAR_ID="23" KVO="2" PRICE="7.00" SUMMA="14.00" PUBLISHED="N" ROW_NPP="1"/><ROW POS_ID="1" CHECKNO="727720" STRNO="1" TOVAR_ID="683" KVO="1" PRICE="17.00" SUMMA="17.00" PUBLISHED="N" ROW_NPP="0"/><ROW POS_ID="1" CHECKNO="727720" STRNO="2" TOVAR_ID="23" KVO="1" PRICE="7.00" SUMMA="7.00" PUBLISHED="N" ROW_NPP="1"/><ROW POS_ID="1" CHECKNO="727720" STRNO="3" TOVAR_ID="36" KVO="1" PRICE="6.00" SUMMA="6.00" PUBLISHED="N" ROW_NPP="1"/><ROW POS_ID="1" CHECKNO="727721" STRNO="1" TOVAR_ID="699" KVO="1" PRICE="18.00" SUMMA="18.00" PUBLISHED="N" ROW_NPP="0"/><ROW POS_ID="1" CHECKNO="727721" STRNO="2" TOVAR_ID="33" KVO="1" PRICE="6.00" SUMMA="6.00" PUBLISHED="N" ROW_NPP="1"/><ROW POS_ID="1" CHECKNO="727722" STRNO="1" TOVAR_ID="1" KVO="1" PRICE="36.00" SUMMA="36.00" PUBLISHED="N" ROW_NPP="0"/><ROW POS_ID="1" CHECKNO="727722" STRNO="2" TOVAR_ID="23" KVO="1" PRICE="7.00" SUMMA="7.00" PUBLISHED="N" ROW_NPP="1"/><ROW POS_ID="1" CHECKNO="727722" STRNO="3" TOVAR_ID="36" KVO="1" PRICE="6.00" SUMMA="6.00" PUBLISHED="N" ROW_NPP="1"/><ROW POS_ID="1" CHECKNO="727723" STRNO="1" TOVAR_ID="7" KVO="3" PRICE="17.00" SUMMA="51.00" PUBLISHED="N" ROW_NPP="0"/><ROW POS_ID="1" CHECKNO="727723" STRNO="2" TOVAR_ID="23" KVO="6" PRICE="7.00" SUMMA="42.00" PUBLISHED="N" ROW_NPP="1"/><ROW POS_ID="1" CHECKNO="727723" STRNO="3" TOVAR_ID="9" KVO="1" PRICE="17.00" SUMMA="17.00" PUBLISHED="N" ROW_NPP="0"/><ROW POS_ID="1" CHECKNO="727723" STRNO="4" TOVAR_ID="23" KVO="2" PRICE="7.00" SUMMA="14.00" PUBLISHED="N" ROW_NPP="3"/><ROW POS_ID="1" CHECKNO="727724" STRNO="1" TOVAR_ID="575" KVO="1" PRICE="8.00" SUMMA="8.00" PUBLISHED="N" ROW_NPP="0"/><ROW POS_ID="1" CHECKNO="727725" STRNO="1" TOVAR_ID="705" KVO="1" PRICE="19.00" SUMMA="19.00" PUBLISHED="N" ROW_NPP="0"/><ROW POS_ID="1" CHECKNO="727725" STRNO="2" TOVAR_ID="23" KVO="1" PRICE="7.00" SUMMA="7.00" PUBLISHED="N" ROW_NPP="1"/><ROW POS_ID="1" CHECKNO="727725" STRNO="3" TOVAR_ID="36" KVO="1" PRICE="6.00" SUMMA="6.00" PUBLISHED="N" ROW_NPP="1"/><ROW POS_ID="1" CHECKNO="727726" STRNO="1" TOVAR_ID="7" KVO="1" PRICE="17.00" SUMMA="17.00" PUBLISHED="N" ROW_NPP="0"/><ROW POS_ID="1" CHECKNO="727726" STRNO="2" TOVAR_ID="26" KVO="1" PRICE="9.00" SUMMA="9.00" PUBLISHED="N" ROW_NPP="1"/><ROW POS_ID="1" CHECKNO="727726" STRNO="3" TOVAR_ID="23" KVO="1" PRICE="7.00" SUMMA="7.00" PUBLISHED="N" ROW_NPP="1"/><ROW POS_ID="1" CHECKNO="727726" STRNO="4" TOVAR_ID="34" KVO="1" PRICE="6.00" SUMMA="6.00" PUBLISHED="N" ROW_NPP="1"/><ROW POS_ID="1" CHECKNO="727727" STRNO="1" TOVAR_ID="7" KVO="1" PRICE="17.00" SUMMA="17.00" PUBLISHED="N" ROW_NPP="0"/><ROW POS_ID="1" CHECKNO="727727" STRNO="2" TOVAR_ID="23" KVO="1" PRICE="7.00" SUMMA="7.00" PUBLISHED="N" ROW_NPP="1"/><ROW POS_ID="1" CHECKNO="727727" STRNO="3" TOVAR_ID="35" KVO="1" PRICE="6.00" SUMMA="6.00" PUBLISHED="N" ROW_NPP="1"/><ROW POS_ID="1" CHECKNO="727727" STRNO="4" TOVAR_ID="60" KVO="1" PRICE="7.00" SUMMA="7.00" PUBLISHED="N" ROW_NPP="0"/><ROW POS_ID="1" CHECKNO="727728" STRNO="1" TOVAR_ID="719" KVO="1" PRICE="7.00" SUMMA="7.00" PUBLISHED="N" ROW_NPP="0"/><ROW POS_ID="1" CHECKNO="727729" STRNO="1" TOVAR_ID="9" KVO="1" PRICE="17.00" SUMMA="17.00" PUBLISHED="N" ROW_NPP="0"/><ROW POS_ID="1" CHECKNO="727729" STRNO="2" TOVAR_ID="23" KVO="1" PRICE="7.00" SUMMA="7.00" PUBLISHED="N" ROW_NPP="1"/><ROW POS_ID="1" CHECKNO="727729" STRNO="3" TOVAR_ID="36" KVO="1" PRICE="6.00" SUMMA="6.00" PUBLISHED="N" ROW_NPP="1"/><ROW POS_ID="1" CHECKNO="727730" STRNO="1" TOVAR_ID="7" KVO="1" PRICE="17.00" SUMMA="17.00" PUBLISHED="N" ROW_NPP="0"/><ROW POS_ID="1" CHECKNO="727730" STRNO="2" TOVAR_ID="23" KVO="1" PRICE="7.00" SUMMA="7.00" PUBLISHED="N" ROW_NPP="1"/><ROW POS_ID="1" CHECKNO="727730" STRNO="3" TOVAR_ID="26" KVO="1" PRICE="9.00" SUMMA="9.00" PUBLISHED="N" ROW_NPP="1"/><ROW POS_ID="1" CHECKNO="727730" STRNO="4" TOVAR_ID="581" KVO="1" PRICE="5.00" SUMMA="5.00" PUBLISHED="N" ROW_NPP="1"/><ROW POS_ID="1" CHECKNO="727730" STRNO="5" TOVAR_ID="428" KVO="1" PRICE="5.00" SUMMA="5.00" PUBLISHED="N" ROW_NPP="1"/><ROW POS_ID="1" CHECKNO="727730" STRNO="6" TOVAR_ID="656" KVO="1" PRICE="1.00" SUMMA="1.00" PUBLISHED="N" ROW_NPP="1"/><ROW POS_ID="1" CHECKNO="727731" STRNO="1" TOVAR_ID="581" KVO="1" PRICE="5.00" SUMMA="5.00" PUBLISHED="N" ROW_NPP="0"/><ROW POS_ID="1" CHECKNO="727731" STRNO="2" TOVAR_ID="7" KVO="2" PRICE="17.00" SUMMA="34.00" PUBLISHED="N" ROW_NPP="0"/><ROW POS_ID="1" CHECKNO="727731" STRNO="3" TOVAR_ID="23" KVO="2" PRICE="7.00" SUMMA="14.00" PUBLISHED="N" ROW_NPP="2"/><ROW POS_ID="1" CHECKNO="727731" STRNO="4" TOVAR_ID="26" KVO="2" PRICE="9.00" SUMMA="18.00" PUBLISHED="N" ROW_NPP="2"/><ROW POS_ID="1" CHECKNO="727731" STRNO="5" TOVAR_ID="36" KVO="2" PRICE="6.00" SUMMA="12.00" PUBLISHED="N" ROW_NPP="2"/><ROW POS_ID="1" CHECKNO="727732" STRNO="1" TOVAR_ID="52" KVO="1" PRICE="11.00" SUMMA="11.00" PUBLISHED="N" ROW_NPP="0"/><ROW POS_ID="1" CHECKNO="727733" STRNO="1" TOVAR_ID="7" KVO="1" PRICE="17.00" SUMMA="17.00" PUBLISHED="N" ROW_NPP="0"/><ROW POS_ID="1" CHECKNO="727733" STRNO="2" TOVAR_ID="23" KVO="1" PRICE="7.00" SUMMA="7.00" PUBLISHED="N" ROW_NPP="1"/><ROW POS_ID="1" CHECKNO="727733" STRNO="3" TOVAR_ID="26" KVO="1" PRICE="9.00" SUMMA="9.00" PUBLISHED="N" ROW_NPP="1"/><ROW POS_ID="1" CHECKNO="727733" STRNO="4" TOVAR_ID="34" KVO="1" PRICE="6.00" SUMMA="6.00" PUBLISHED="N" ROW_NPP="1"/><ROW POS_ID="1" CHECKNO="727734" STRNO="1" TOVAR_ID="7" KVO="1" PRICE="17.00" SUMMA="17.00" PUBLISHED="N" ROW_NPP="0"/><ROW POS_ID="1" CHECKNO="727734" STRNO="2" TOVAR_ID="23" KVO="1" PRICE="7.00" SUMMA="7.00" PUBLISHED="N" ROW_NPP="1"/><ROW POS_ID="1" CHECKNO="727734" STRNO="3" TOVAR_ID="26" KVO="1" PRICE="9.00" SUMMA="9.00" PUBLISHED="N" ROW_NPP="1"/><ROW POS_ID="1" CHECKNO="727734" STRNO="4" TOVAR_ID="35" KVO="1" PRICE="6.00" SUMMA="6.00" PUBLISHED="N" ROW_NPP="1"/><ROW POS_ID="1" CHECKNO="727735" STRNO="1" TOVAR_ID="7" KVO="1" PRICE="17.00" SUMMA="17.00" PUBLISHED="N" ROW_NPP="0"/><ROW POS_ID="1" CHECKNO="727735" STRNO="2" TOVAR_ID="26" KVO="1" PRICE="9.00" SUMMA="9.00" PUBLISHED="N" ROW_NPP="1"/><ROW POS_ID="1" CHECKNO="727735" STRNO="3" TOVAR_ID="35" KVO="1" PRICE="6.00" SUMMA="6.00" PUBLISHED="N" ROW_NPP="1"/><ROW POS_ID="1" CHECKNO="727735" STRNO="4" TOVAR_ID="23" KVO="1" PRICE="7.00" SUMMA="7.00" PUBLISHED="N" ROW_NPP="1"/><ROW POS_ID="1" CHECKNO="727736" STRNO="1" TOVAR_ID="11" KVO="1" PRICE="13.00" SUMMA="13.00" PUBLISHED="N" ROW_NPP="0"/><ROW POS_ID="1" CHECKNO="727736" STRNO="2" TOVAR_ID="23" KVO="1" PRICE="7.00" SUMMA="7.00" PUBLISHED="N" ROW_NPP="1"/><ROW POS_ID="1" CHECKNO="727737" STRNO="1" TOVAR_ID="44" KVO="1" PRICE="15.00" SUMMA="15.00" PUBLISHED="N" ROW_NPP="0"/><ROW POS_ID="1" CHECKNO="727738" STRNO="1" TOVAR_ID="7" KVO="1" PRICE="17.00" SUMMA="17.00" PUBLISHED="N" ROW_NPP="0"/><ROW POS_ID="1" CHECKNO="727738" STRNO="2" TOVAR_ID="23" KVO="1" PRICE="7.00" SUMMA="7.00" PUBLISHED="N" ROW_NPP="1"/><ROW POS_ID="1" CHECKNO="727738" STRNO="3" TOVAR_ID="26" KVO="1" PRICE="9.00" SUMMA="9.00" PUBLISHED="N" ROW_NPP="1"/><ROW POS_ID="1" CHECKNO="727738" STRNO="4" TOVAR_ID="36" KVO="1" PRICE="6.00" SUMMA="6.00" PUBLISHED="N" ROW_NPP="1"/><ROW POS_ID="1" CHECKNO="727739" STRNO="1" TOVAR_ID="6" KVO="1" PRICE="17.00" SUMMA="17.00" PUBLISHED="N" ROW_NPP="0"/><ROW POS_ID="1" CHECKNO="727739" STRNO="2" TOVAR_ID="701" KVO="1" PRICE="6.00" SUMMA="6.00" PUBLISHED="N" ROW_NPP="1"/><ROW POS_ID="1" CHECKNO="727740" STRNO="1" TOVAR_ID="625" KVO="1" PRICE="12.00" SUMMA="12.00" PUBLISHED="N" ROW_NPP="0"/><ROW POS_ID="1" CHECKNO="727741" STRNO="1" TOVAR_ID="10" KVO="1" PRICE="16.00" SUMMA="16.00" PUBLISHED="N" ROW_NPP="0"/><ROW POS_ID="1" CHECKNO="727741" STRNO="2" TOVAR_ID="23" KVO="1" PRICE="7.00" SUMMA="7.00" PUBLISHED="N" ROW_NPP="1"/><ROW POS_ID="1" CHECKNO="727742" STRNO="1" TOVAR_ID="310" KVO="1" PRICE="15.00" SUMMA="15.00" PUBLISHED="N" ROW_NPP="0"/><ROW POS_ID="1" CHECKNO="727742" STRNO="2" TOVAR_ID="49" KVO="1" PRICE="8.00" SUMMA="8.00" PUBLISHED="N" ROW_NPP="1"/><ROW POS_ID="1" CHECKNO="727742" STRNO="3" TOVAR_ID="533" KVO="1" PRICE="9.00" SUMMA="9.00" PUBLISHED="N" ROW_NPP="0"/><ROW POS_ID="1" CHECKNO="727743" STRNO="1" TOVAR_ID="533" KVO="1" PRICE="9.00" SUMMA="9.00" PUBLISHED="N" ROW_NPP="0"/><ROW POS_ID="1" CHECKNO="727744" STRNO="1" TOVAR_ID="533" KVO="1" PRICE="9.00" SUMMA="9.00" PUBLISHED="N" ROW_NPP="0"/><ROW POS_ID="1" CHECKNO="727745" STRNO="1" TOVAR_ID="11" KVO="1" PRICE="13.00" SUMMA="13.00" PUBLISHED="N" ROW_NPP="0"/></ROWDATA></DATAPACKET>