<?xml version="1.0" encoding="UTF-8" standalone="yes"?>  <DATAPACKET Version="2.0"><METADATA><FIELDS><FIELD attrname="POS_ID" fieldtype="i4" required="true"><PARAM Name="ORIGIN" Value="PCHECKS_INTL_TB.POS_ID" Roundtrip="True"/></FIELD><FIELD attrname="CHECKNO" fieldtype="i4" required="true"><PARAM Name="ORIGIN" Value="PCHECKS_INTL_TB.CHECKNO" Roundtrip="True"/></FIELD><FIELD attrname="STRNO" fieldtype="i2" required="true"><PARAM Name="ORIGIN" Value="PCHECKS_INTL_TB.STRNO" Roundtrip="True"/></FIELD><FIELD attrname="TOVAR_ID" fieldtype="i4" required="true"><PARAM Name="ORIGIN" Value="PCHECKS_INTL_TB.TOVAR_ID" Roundtrip="True"/></FIELD><FIELD attrname="KVO" fieldtype="i2"><PARAM Name="ORIGIN" Value="PCHECKS_INTL_TB.KVO" Roundtrip="True"/></FIELD><FIELD attrname="PRICE" fieldtype="fixed" DECIMALS="2" WIDTH="18"><PARAM Name="ORIGIN" Value="PCHECKS_INTL_TB.PRICE" Roundtrip="True"/></FIELD><FIELD attrname="SUMMA" fieldtype="fixed" DECIMALS="2" WIDTH="18"><PARAM Name="ORIGIN" Value="PCHECKS_INTL_TB.SUMMA" Roundtrip="True"/></FIELD><FIELD attrname="PUBLISHED" fieldtype="string" required="true" SUBTYPE="FixedChar" WIDTH="1"><PARAM Name="ORIGIN" Value="PCHECKS_INTL_TB.PUBLISHED" Roundtrip="True"/></FIELD><FIELD attrname="ROW_NPP" fieldtype="i4"><PARAM Name="ORIGIN" Value="PCHECKS_INTL_TB.ROW_NPP" Roundtrip="True"/></FIELD></FIELDS><PARAMS/></METADATA><ROWDATA><ROW POS_ID="1" CHECKNO="14781" STRNO="1" TOVAR_ID="7" KVO="1" PRICE="17.00" SUMMA="17.00" PUBLISHED="N" ROW_NPP="0"/><ROW POS_ID="1" CHECKNO="14781" STRNO="2" TOVAR_ID="223" KVO="1" PRICE="7.00" SUMMA="7.00" PUBLISHED="N" ROW_NPP="1"/><ROW POS_ID="1" CHECKNO="14781" STRNO="3" TOVAR_ID="23" KVO="1" PRICE="7.00" SUMMA="7.00" PUBLISHED="N" ROW_NPP="1"/><ROW POS_ID="1" CHECKNO="14782" STRNO="1" TOVAR_ID="7" KVO="1" PRICE="17.00" SUMMA="17.00" PUBLISHED="N" ROW_NPP="0"/><ROW POS_ID="1" CHECKNO="14782" STRNO="2" TOVAR_ID="23" KVO="1" PRICE="7.00" SUMMA="7.00" PUBLISHED="N" ROW_NPP="1"/><ROW POS_ID="1" CHECKNO="14782" STRNO="3" TOVAR_ID="26" KVO="1" PRICE="9.00" SUMMA="9.00" PUBLISHED="N" ROW_NPP="1"/></ROWDATA></DATAPACKET>