<?xml version="1.0" encoding="UTF-8" standalone="yes"?>  <DATAPACKET Version="2.0"><METADATA><FIELDS><FIELD attrname="POS_ID" fieldtype="i4" required="true"><PARAM Name="ORIGIN" Value="PCHECKS_INTL.POS_ID" Roundtrip="True"/></FIELD><FIELD attrname="SMENA_ID" fieldtype="i4" required="true"><PARAM Name="ORIGIN" Value="PCHECKS_INTL.SMENA_ID" Roundtrip="True"/></FIELD><FIELD attrname="CHECKNO" fieldtype="i4" required="true"><PARAM Name="ORIGIN" Value="PCHECKS_INTL.CHECKNO" Roundtrip="True"/></FIELD><FIELD attrname="SUMMA" fieldtype="fixed" DECIMALS="2" WIDTH="18"><PARAM Name="ORIGIN" Value="PCHECKS_INTL.SUMMA" Roundtrip="True"/></FIELD><FIELD attrname="STAMP" fieldtype="dateTime"><PARAM Name="ORIGIN" Value="PCHECKS_INTL.STAMP" Roundtrip="True"/></FIELD><FIELD attrname="RASHOD_ID" fieldtype="i4"><PARAM Name="ORIGIN" Value="PCHECKS_INTL.RASHOD_ID" Roundtrip="True"/></FIELD><FIELD attrname="PERSON_ID" fieldtype="i4"><PARAM Name="ORIGIN" Value="PCHECKS_INTL.PERSON_ID" Roundtrip="True"/></FIELD><FIELD attrname="PUBLISHED" fieldtype="string" SUBTYPE="FixedChar" WIDTH="1"><PARAM Name="ORIGIN" Value="PCHECKS_INTL.PUBLISHED" Roundtrip="True"/></FIELD></FIELDS><PARAMS/></METADATA><ROWDATA><ROW POS_ID="1" SMENA_ID="4541" CHECKNO="14772" SUMMA="30.00" STAMP="20190322T09:53:03000" RASHOD_ID="3" PERSON_ID="297" PUBLISHED="U"/><ROW POS_ID="1" SMENA_ID="4541" CHECKNO="14773" SUMMA="30.00" STAMP="20190322T10:36:18000" RASHOD_ID="3" PERSON_ID="466" PUBLISHED="U"/><ROW POS_ID="1" SMENA_ID="4542" CHECKNO="14774" SUMMA="59.00" STAMP="20190323T11:10:49000" RASHOD_ID="3" PERSON_ID="258" PUBLISHED="U"/><ROW POS_ID="1" SMENA_ID="4542" CHECKNO="14775" SUMMA="33.00" STAMP="20190323T12:17:50000" RASHOD_ID="3" PERSON_ID="466" PUBLISHED="U"/><ROW POS_ID="1" SMENA_ID="4542" CHECKNO="14776" SUMMA="38.00" STAMP="20190323T14:05:25000" RASHOD_ID="3" PERSON_ID="488" PUBLISHED="U"/><ROW POS_ID="1" SMENA_ID="4543" CHECKNO="14777" SUMMA="9.00" STAMP="20190324T12:20:47000" RASHOD_ID="4" PERSON_ID="28" PUBLISHED="U"/><ROW POS_ID="1" SMENA_ID="4543" CHECKNO="14778" SUMMA="33.00" STAMP="20190324T13:20:24000" RASHOD_ID="3" PERSON_ID="488" PUBLISHED="U"/><ROW POS_ID="1" SMENA_ID="4543" CHECKNO="14779" SUMMA="35.00" STAMP="20190324T13:40:06000" RASHOD_ID="3" PERSON_ID="466" PUBLISHED="U"/><ROW POS_ID="1" SMENA_ID="4543" CHECKNO="14780" SUMMA="28.00" STAMP="20190324T16:20:38000" RASHOD_ID="3" PERSON_ID="528" PUBLISHED="U"/><ROW POS_ID="1" SMENA_ID="4544" CHECKNO="14781" SUMMA="31.00" STAMP="20190325T13:41:29000" RASHOD_ID="3" PERSON_ID="466" PUBLISHED="N"/><ROW POS_ID="1" SMENA_ID="4544" CHECKNO="14782" SUMMA="33.00" STAMP="20190325T14:46:24000" RASHOD_ID="3" PERSON_ID="488" PUBLISHED="N"/></ROWDATA></DATAPACKET>