<?xml version="1.0" encoding="UTF-8" standalone="yes"?>  <DATAPACKET Version="2.0"><METADATA><FIELDS><FIELD attrname="POS_ID" fieldtype="i4" required="true"><PARAM Name="ORIGIN" Value="SMENY.POS_ID" Roundtrip="True"/></FIELD><FIELD attrname="SMENA_ID" fieldtype="i4" required="true"><PARAM Name="ORIGIN" Value="SMENY.SMENA_ID" Roundtrip="True"/></FIELD><FIELD attrname="DATEOPEN" fieldtype="dateTime"><PARAM Name="ORIGIN" Value="SMENY.DATEOPEN" Roundtrip="True"/></FIELD><FIELD attrname="DATECLOSE" fieldtype="dateTime"><PARAM Name="ORIGIN" Value="SMENY.DATECLOSE" Roundtrip="True"/></FIELD><FIELD attrname="CHIEF" fieldtype="i4"><PARAM Name="ORIGIN" Value="SMENY.CHIEF" Roundtrip="True"/></FIELD><FIELD attrname="ZOTCHENO" fieldtype="i4"><PARAM Name="ORIGIN" Value="SMENY.ZOTCHENO" Roundtrip="True"/></FIELD><FIELD attrname="PUBLISHED" fieldtype="string" required="true" SUBTYPE="FixedChar" WIDTH="1"><PARAM Name="ORIGIN" Value="SMENY.PUBLISHED" Roundtrip="True"/></FIELD></FIELDS><PARAMS/></METADATA><ROWDATA><ROW POS_ID="1" SMENA_ID="4544" DATEOPEN="20190325T07:20:22000" DATECLOSE="20190325T20:41:11000" CHIEF="488" PUBLISHED="U"/><ROW POS_ID="1" SMENA_ID="4545" DATEOPEN="20190326T07:28:32000" CHIEF="488" PUBLISHED="N"/></ROWDATA></DATAPACKET>