<?xml version="1.0" encoding="UTF-8" standalone="yes"?>  <DATAPACKET Version="2.0"><METADATA><FIELDS><FIELD attrname="POS_ID" fieldtype="i4" required="true"><PARAM Name="ORIGIN" Value="BALANCES.POS_ID" Roundtrip="True"/></FIELD><FIELD attrname="BALANCEDATE" fieldtype="date" required="true"><PARAM Name="ORIGIN" Value="BALANCES.BALANCEDATE" Roundtrip="True"/></FIELD><FIELD attrname="TOVAR_ID" fieldtype="i4" required="true"><PARAM Name="ORIGIN" Value="BALANCES.TOVAR_ID" Roundtrip="True"/></FIELD><FIELD attrname="AMOUNT" fieldtype="r8"><PARAM Name="ORIGIN" Value="BALANCES.AMOUNT" Roundtrip="True"/></FIELD><FIELD attrname="PUBLISHED" fieldtype="string" required="true" SUBTYPE="FixedChar" WIDTH="1"><PARAM Name="ORIGIN" Value="BALANCES.PUBLISHED" Roundtrip="True"/></FIELD></FIELDS><PARAMS/></METADATA><ROWDATA><ROW POS_ID="3" BALANCEDATE="20180925" TOVAR_ID="360" AMOUNT="2.828999996185303" PUBLISHED="N"/><ROW POS_ID="3" BALANCEDATE="20180925" TOVAR_ID="361" AMOUNT="0.4799999892711639" PUBLISHED="N"/><ROW POS_ID="3" BALANCEDATE="20180925" TOVAR_ID="362" AMOUNT="3.392999887466431" PUBLISHED="N"/><ROW POS_ID="3" BALANCEDATE="20180925" TOVAR_ID="363" AMOUNT="968" PUBLISHED="N"/><ROW POS_ID="3" BALANCEDATE="20180925" TOVAR_ID="364" AMOUNT="0.921999990940094" PUBLISHED="N"/><ROW POS_ID="3" BALANCEDATE="20180925" TOVAR_ID="367" AMOUNT="1.144999980926514" PUBLISHED="N"/><ROW POS_ID="3" BALANCEDATE="20180925" TOVAR_ID="368" AMOUNT="2.869999885559082" PUBLISHED="N"/><ROW POS_ID="3" BALANCEDATE="20180925" TOVAR_ID="369" AMOUNT="0.4740000069141388" PUBLISHED="N"/><ROW POS_ID="3" BALANCEDATE="20180925" TOVAR_ID="370" AMOUNT="0.4199999868869781" PUBLISHED="N"/><ROW POS_ID="3" BALANCEDATE="20180925" TOVAR_ID="371" AMOUNT="1.870000004768372" PUBLISHED="N"/><ROW POS_ID="3" BALANCEDATE="20180925" TOVAR_ID="372" AMOUNT="585" PUBLISHED="N"/><ROW POS_ID="3" BALANCEDATE="20180925" TOVAR_ID="373" AMOUNT="0.3700000047683716" PUBLISHED="N"/><ROW POS_ID="3" BALANCEDATE="20180925" TOVAR_ID="374" AMOUNT="4.736000061035156" PUBLISHED="N"/><ROW POS_ID="3" BALANCEDATE="20180925" TOVAR_ID="376" AMOUNT="1.103999972343445" PUBLISHED="N"/><ROW POS_ID="3" BALANCEDATE="20180925" TOVAR_ID="377" AMOUNT="0.2450000047683716" PUBLISHED="N"/><ROW POS_ID="3" BALANCEDATE="20180925" TOVAR_ID="379" AMOUNT="0.3569999933242798" PUBLISHED="N"/><ROW POS_ID="3" BALANCEDATE="20180925" TOVAR_ID="454" AMOUNT="0.300000011920929" PUBLISHED="N"/><ROW POS_ID="3" BALANCEDATE="20180925" TOVAR_ID="444" AMOUNT="8" PUBLISHED="N"/><ROW POS_ID="3" BALANCEDATE="20180925" TOVAR_ID="445" AMOUNT="0.1850000023841858" PUBLISHED="N"/><ROW POS_ID="3" BALANCEDATE="20180925" TOVAR_ID="446" AMOUNT="0.04699999839067459" PUBLISHED="N"/><ROW POS_ID="3" BALANCEDATE="20180925" TOVAR_ID="460" AMOUNT="0.3989999890327454" PUBLISHED="N"/><ROW POS_ID="3" BALANCEDATE="20180925" TOVAR_ID="465" AMOUNT="1.830000042915344" PUBLISHED="N"/><ROW POS_ID="3" BALANCEDATE="20180925" TOVAR_ID="472" AMOUNT="25" PUBLISHED="N"/><ROW POS_ID="3" BALANCEDATE="20180925" TOVAR_ID="487" AMOUNT="8" PUBLISHED="N"/><ROW POS_ID="3" BALANCEDATE="20180925" TOVAR_ID="498" AMOUNT="0.009999999776482582" PUBLISHED="N"/><ROW POS_ID="3" BALANCEDATE="20180925" TOVAR_ID="578" AMOUNT="4" PUBLISHED="N"/><ROW POS_ID="3" BALANCEDATE="20180925" TOVAR_ID="582" AMOUNT="0.1749999970197678" PUBLISHED="N"/><ROW POS_ID="3" BALANCEDATE="20180925" TOVAR_ID="580" AMOUNT="2" PUBLISHED="N"/><ROW POS_ID="3" BALANCEDATE="20180925" TOVAR_ID="586" AMOUNT="0.550000011920929" PUBLISHED="N"/><ROW POS_ID="3" BALANCEDATE="20180925" TOVAR_ID="587" AMOUNT="0.9200000166893005" PUBLISHED="N"/><ROW POS_ID="3" BALANCEDATE="20180925" TOVAR_ID="591" AMOUNT="79" PUBLISHED="N"/><ROW POS_ID="3" BALANCEDATE="20180925" TOVAR_ID="594" AMOUNT="13" PUBLISHED="N"/><ROW POS_ID="3" BALANCEDATE="20180925" TOVAR_ID="602" AMOUNT="24" PUBLISHED="N"/><ROW POS_ID="3" BALANCEDATE="20180925" TOVAR_ID="604" AMOUNT="3.094000101089478" PUBLISHED="N"/><ROW POS_ID="3" BALANCEDATE="20180925" TOVAR_ID="607" AMOUNT="0" PUBLISHED="N"/><ROW POS_ID="3" BALANCEDATE="20180925" TOVAR_ID="610" AMOUNT="1.254999995231628" PUBLISHED="N"/><ROW POS_ID="3" BALANCEDATE="20180925" TOVAR_ID="617" AMOUNT="86" PUBLISHED="N"/><ROW POS_ID="3" BALANCEDATE="20180925" TOVAR_ID="619" AMOUNT="1.325999975204468" PUBLISHED="N"/><ROW POS_ID="3" BALANCEDATE="20180925" TOVAR_ID="636" AMOUNT="0.9599999785423279" PUBLISHED="N"/><ROW POS_ID="3" BALANCEDATE="20180925" TOVAR_ID="637" AMOUNT="0.1230000033974648" PUBLISHED="N"/><ROW POS_ID="3" BALANCEDATE="20180925" TOVAR_ID="638" AMOUNT="5" PUBLISHED="N"/><ROW POS_ID="3" BALANCEDATE="20180925" TOVAR_ID="653" AMOUNT="0.1500000059604645" PUBLISHED="N"/><ROW POS_ID="3" BALANCEDATE="20180925" TOVAR_ID="667" AMOUNT="0.5" PUBLISHED="N"/><ROW POS_ID="3" BALANCEDATE="20180925" TOVAR_ID="694" AMOUNT="0.119999997317791" PUBLISHED="N"/><ROW POS_ID="3" BALANCEDATE="20180925" TOVAR_ID="697" AMOUNT="0" PUBLISHED="N"/><ROW POS_ID="3" BALANCEDATE="20180925" TOVAR_ID="698" AMOUNT="56" PUBLISHED="N"/><ROW POS_ID="3" BALANCEDATE="20180925" TOVAR_ID="702" AMOUNT="0.4420000016689301" PUBLISHED="N"/><ROW POS_ID="3" BALANCEDATE="20180925" TOVAR_ID="706" AMOUNT="8" PUBLISHED="N"/><ROW POS_ID="3" BALANCEDATE="20180925" TOVAR_ID="710" AMOUNT="0" PUBLISHED="N"/><ROW POS_ID="3" BALANCEDATE="20180925" TOVAR_ID="720" AMOUNT="0.9900000095367432" PUBLISHED="N"/><ROW POS_ID="3" BALANCEDATE="20180925" TOVAR_ID="721" AMOUNT="25" PUBLISHED="N"/><ROW POS_ID="3" BALANCEDATE="20180925" TOVAR_ID="722" AMOUNT="33" PUBLISHED="N"/><ROW POS_ID="3" BALANCEDATE="20180925" TOVAR_ID="380" AMOUNT="0" PUBLISHED="N"/><ROW POS_ID="3" BALANCEDATE="20180925" TOVAR_ID="381" AMOUNT="0.8519999980926514" PUBLISHED="N"/><ROW POS_ID="3" BALANCEDATE="20180925" TOVAR_ID="382" AMOUNT="0.75" PUBLISHED="N"/><ROW POS_ID="3" BALANCEDATE="20180925" TOVAR_ID="383" AMOUNT="0.8999999761581421" PUBLISHED="N"/><ROW POS_ID="3" BALANCEDATE="20180925" TOVAR_ID="384" AMOUNT="0.6100000143051147" PUBLISHED="N"/><ROW POS_ID="3" BALANCEDATE="20180925" TOVAR_ID="387" AMOUNT="28.8799991607666" PUBLISHED="N"/><ROW POS_ID="3" BALANCEDATE="20180925" TOVAR_ID="391" AMOUNT="0.4560000002384186" PUBLISHED="N"/><ROW POS_ID="3" BALANCEDATE="20180925" TOVAR_ID="392" AMOUNT="0.6060000061988831" PUBLISHED="N"/><ROW POS_ID="3" BALANCEDATE="20180925" TOVAR_ID="393" AMOUNT="0.6800000071525574" PUBLISHED="N"/><ROW POS_ID="3" BALANCEDATE="20180925" TOVAR_ID="394" AMOUNT="0.6460000276565552" PUBLISHED="N"/><ROW POS_ID="3" BALANCEDATE="20180925" TOVAR_ID="395" AMOUNT="82" PUBLISHED="N"/><ROW POS_ID="3" BALANCEDATE="20180925" TOVAR_ID="396" AMOUNT="144" PUBLISHED="N"/><ROW POS_ID="3" BALANCEDATE="20180925" TOVAR_ID="397" AMOUNT="84" PUBLISHED="N"/><ROW POS_ID="3" BALANCEDATE="20180925" TOVAR_ID="399" AMOUNT="52" PUBLISHED="N"/><ROW POS_ID="3" BALANCEDATE="20180925" TOVAR_ID="400" AMOUNT="61" PUBLISHED="N"/><ROW POS_ID="3" BALANCEDATE="20180925" TOVAR_ID="403" AMOUNT="3.03600001335144" PUBLISHED="N"/><ROW POS_ID="3" BALANCEDATE="20180925" TOVAR_ID="404" AMOUNT="0.3499999940395355" PUBLISHED="N"/><ROW POS_ID="3" BALANCEDATE="20180925" TOVAR_ID="405" AMOUNT="0.5" PUBLISHED="N"/><ROW POS_ID="3" BALANCEDATE="20180925" TOVAR_ID="43" AMOUNT="46" PUBLISHED="N"/><ROW POS_ID="3" BALANCEDATE="20180925" TOVAR_ID="44" AMOUNT="49" PUBLISHED="N"/><ROW POS_ID="3" BALANCEDATE="20180925" TOVAR_ID="68" AMOUNT="3828" PUBLISHED="N"/><ROW POS_ID="3" BALANCEDATE="20180925" TOVAR_ID="222" AMOUNT="12" PUBLISHED="N"/><ROW POS_ID="3" BALANCEDATE="20180925" TOVAR_ID="407" AMOUNT="0.1729999929666519" PUBLISHED="N"/><ROW POS_ID="3" BALANCEDATE="20180925" TOVAR_ID="408" AMOUNT="0.1990000009536743" PUBLISHED="N"/><ROW POS_ID="3" BALANCEDATE="20180925" TOVAR_ID="409" AMOUNT="6" PUBLISHED="N"/><ROW POS_ID="3" BALANCEDATE="20180925" TOVAR_ID="410" AMOUNT="0" PUBLISHED="N"/><ROW POS_ID="3" BALANCEDATE="20180925" TOVAR_ID="412" AMOUNT="490" PUBLISHED="N"/><ROW POS_ID="3" BALANCEDATE="20180925" TOVAR_ID="414" AMOUNT="0.2160000056028366" PUBLISHED="N"/><ROW POS_ID="3" BALANCEDATE="20180925" TOVAR_ID="427" AMOUNT="0.9769999980926514" PUBLISHED="N"/><ROW POS_ID="3" BALANCEDATE="20180925" TOVAR_ID="433" AMOUNT="0.3300000131130219" PUBLISHED="N"/><ROW POS_ID="3" BALANCEDATE="20180925" TOVAR_ID="434" AMOUNT="0.4850000143051147" PUBLISHED="N"/><ROW POS_ID="3" BALANCEDATE="20180925" TOVAR_ID="435" AMOUNT="0.1420000046491623" PUBLISHED="N"/><ROW POS_ID="3" BALANCEDATE="20180925" TOVAR_ID="436" AMOUNT="0.6539999842643738" PUBLISHED="N"/><ROW POS_ID="3" BALANCEDATE="20180925" TOVAR_ID="350" AMOUNT="1.409999966621399" PUBLISHED="N"/><ROW POS_ID="3" BALANCEDATE="20180925" TOVAR_ID="351" AMOUNT="0.7160000205039978" PUBLISHED="N"/><ROW POS_ID="3" BALANCEDATE="20180925" TOVAR_ID="353" AMOUNT="0.8199999928474426" PUBLISHED="N"/><ROW POS_ID="3" BALANCEDATE="20180925" TOVAR_ID="354" AMOUNT="2.029999971389771" PUBLISHED="N"/><ROW POS_ID="3" BALANCEDATE="20180925" TOVAR_ID="355" AMOUNT="2.029999971389771" PUBLISHED="N"/><ROW POS_ID="3" BALANCEDATE="20180925" TOVAR_ID="357" AMOUNT="0.2800000011920929" PUBLISHED="N"/><ROW POS_ID="3" BALANCEDATE="20180925" TOVAR_ID="358" AMOUNT="0.2779999971389771" PUBLISHED="N"/><ROW POS_ID="3" BALANCEDATE="20180925" TOVAR_ID="359" AMOUNT="0.4000000059604645" PUBLISHED="N"/></ROWDATA></DATAPACKET>