<?xml version="1.0" encoding="UTF-8" standalone="yes"?>  <DATAPACKET Version="2.0"><METADATA><FIELDS><FIELD attrname="POS_ID" fieldtype="i4" required="true"><PARAM Name="ORIGIN" Value="PAYCHECKS_TB.POS_ID" Roundtrip="True"/></FIELD><FIELD attrname="CHECKNO" fieldtype="i4" required="true"><PARAM Name="ORIGIN" Value="PAYCHECKS_TB.CHECKNO" Roundtrip="True"/></FIELD><FIELD attrname="STRNO" fieldtype="i2" required="true"><PARAM Name="ORIGIN" Value="PAYCHECKS_TB.STRNO" Roundtrip="True"/></FIELD><FIELD attrname="TOVAR_ID" fieldtype="i4" required="true"><PARAM Name="ORIGIN" Value="PAYCHECKS_TB.TOVAR_ID" Roundtrip="True"/></FIELD><FIELD attrname="KVO" fieldtype="i2"><PARAM Name="ORIGIN" Value="PAYCHECKS_TB.KVO" Roundtrip="True"/></FIELD><FIELD attrname="PRICE" fieldtype="fixed" DECIMALS="2" WIDTH="18"><PARAM Name="ORIGIN" Value="PAYCHECKS_TB.PRICE" Roundtrip="True"/></FIELD><FIELD attrname="SUMMA" fieldtype="fixed" DECIMALS="2" WIDTH="18"><PARAM Name="ORIGIN" Value="PAYCHECKS_TB.SUMMA" Roundtrip="True"/></FIELD><FIELD attrname="PUBLISHED" fieldtype="string" required="true" SUBTYPE="FixedChar" WIDTH="1"><PARAM Name="ORIGIN" Value="PAYCHECKS_TB.PUBLISHED" Roundtrip="True"/></FIELD><FIELD attrname="ROW_NPP" fieldtype="i4"><PARAM Name="ORIGIN" Value="PAYCHECKS_TB.ROW_NPP" Roundtrip="True"/></FIELD></FIELDS><PARAMS/></METADATA><ROWDATA><ROW POS_ID="3" CHECKNO="660260" STRNO="1" TOVAR_ID="6" KVO="1" PRICE="17.00" SUMMA="17.00" PUBLISHED="N" ROW_NPP="0"/><ROW POS_ID="3" CHECKNO="660260" STRNO="2" TOVAR_ID="26" KVO="1" PRICE="9.00" SUMMA="9.00" PUBLISHED="N" ROW_NPP="1"/><ROW POS_ID="3" CHECKNO="660260" STRNO="3" TOVAR_ID="23" KVO="1" PRICE="7.00" SUMMA="7.00" PUBLISHED="N" ROW_NPP="1"/><ROW POS_ID="3" CHECKNO="660260" STRNO="4" TOVAR_ID="314" KVO="1" PRICE="5.00" SUMMA="5.00" PUBLISHED="N" ROW_NPP="1"/><ROW POS_ID="3" CHECKNO="660260" STRNO="5" TOVAR_ID="656" KVO="1" PRICE="1.00" SUMMA="1.00" PUBLISHED="N" ROW_NPP="1"/><ROW POS_ID="3" CHECKNO="660260" STRNO="6" TOVAR_ID="704" KVO="1" PRICE="6.00" SUMMA="6.00" PUBLISHED="N" ROW_NPP="1"/><ROW POS_ID="3" CHECKNO="660260" STRNO="7" TOVAR_ID="43" KVO="2" PRICE="9.00" SUMMA="18.00" PUBLISHED="N" ROW_NPP="0"/><ROW POS_ID="3" CHECKNO="660261" STRNO="1" TOVAR_ID="7" KVO="1" PRICE="17.00" SUMMA="17.00" PUBLISHED="N" ROW_NPP="0"/><ROW POS_ID="3" CHECKNO="660261" STRNO="2" TOVAR_ID="23" KVO="1" PRICE="7.00" SUMMA="7.00" PUBLISHED="N" ROW_NPP="1"/><ROW POS_ID="3" CHECKNO="660261" STRNO="3" TOVAR_ID="27" KVO="1" PRICE="5.00" SUMMA="5.00" PUBLISHED="N" ROW_NPP="1"/><ROW POS_ID="3" CHECKNO="660261" STRNO="4" TOVAR_ID="457" KVO="1" PRICE="5.00" SUMMA="5.00" PUBLISHED="N" ROW_NPP="1"/><ROW POS_ID="3" CHECKNO="660261" STRNO="5" TOVAR_ID="36" KVO="1" PRICE="6.00" SUMMA="6.00" PUBLISHED="N" ROW_NPP="1"/><ROW POS_ID="3" CHECKNO="660262" STRNO="2" TOVAR_ID="49" KVO="1" PRICE="8.00" SUMMA="8.00" PUBLISHED="N" ROW_NPP="1"/><ROW POS_ID="3" CHECKNO="660263" STRNO="1" TOVAR_ID="8" KVO="1" PRICE="15.00" SUMMA="15.00" PUBLISHED="N" ROW_NPP="0"/><ROW POS_ID="3" CHECKNO="660263" STRNO="2" TOVAR_ID="428" KVO="1" PRICE="5.00" SUMMA="5.00" PUBLISHED="N" ROW_NPP="1"/><ROW POS_ID="3" CHECKNO="660263" STRNO="3" TOVAR_ID="457" KVO="1" PRICE="5.00" SUMMA="5.00" PUBLISHED="N" ROW_NPP="1"/><ROW POS_ID="3" CHECKNO="660263" STRNO="4" TOVAR_ID="443" KVO="1" PRICE="9.00" SUMMA="9.00" PUBLISHED="N" ROW_NPP="1"/><ROW POS_ID="3" CHECKNO="660263" STRNO="5" TOVAR_ID="314" KVO="1" PRICE="5.00" SUMMA="5.00" PUBLISHED="N" ROW_NPP="1"/><ROW POS_ID="3" CHECKNO="660263" STRNO="6" TOVAR_ID="36" KVO="1" PRICE="6.00" SUMMA="6.00" PUBLISHED="N" ROW_NPP="1"/><ROW POS_ID="3" CHECKNO="660263" STRNO="7" TOVAR_ID="7" KVO="1" PRICE="17.00" SUMMA="17.00" PUBLISHED="N" ROW_NPP="0"/><ROW POS_ID="3" CHECKNO="660263" STRNO="8" TOVAR_ID="26" KVO="1" PRICE="9.00" SUMMA="9.00" PUBLISHED="N" ROW_NPP="7"/><ROW POS_ID="3" CHECKNO="660263" STRNO="9" TOVAR_ID="23" KVO="1" PRICE="7.00" SUMMA="7.00" PUBLISHED="N" ROW_NPP="7"/><ROW POS_ID="3" CHECKNO="660264" STRNO="1" TOVAR_ID="7" KVO="1" PRICE="17.00" SUMMA="17.00" PUBLISHED="N" ROW_NPP="0"/><ROW POS_ID="3" CHECKNO="660264" STRNO="2" TOVAR_ID="26" KVO="1" PRICE="9.00" SUMMA="9.00" PUBLISHED="N" ROW_NPP="1"/><ROW POS_ID="3" CHECKNO="660261" STRNO="6" TOVAR_ID="672" KVO="1" PRICE="20.00" SUMMA="20.00" PUBLISHED="N" ROW_NPP="0"/><ROW POS_ID="3" CHECKNO="660262" STRNO="1" TOVAR_ID="347" KVO="1" PRICE="12.00" SUMMA="12.00" PUBLISHED="N" ROW_NPP="0"/><ROW POS_ID="3" CHECKNO="660258" STRNO="1" TOVAR_ID="217" KVO="1" PRICE="15.00" SUMMA="15.00" PUBLISHED="N" ROW_NPP="0"/><ROW POS_ID="3" CHECKNO="660258" STRNO="2" TOVAR_ID="533" KVO="1" PRICE="9.00" SUMMA="9.00" PUBLISHED="N" ROW_NPP="0"/><ROW POS_ID="3" CHECKNO="660258" STRNO="3" TOVAR_ID="542" KVO="1" PRICE="4.00" SUMMA="4.00" PUBLISHED="N" ROW_NPP="0"/><ROW POS_ID="3" CHECKNO="660259" STRNO="1" TOVAR_ID="347" KVO="1" PRICE="12.00" SUMMA="12.00" PUBLISHED="N" ROW_NPP="0"/><ROW POS_ID="3" CHECKNO="660264" STRNO="3" TOVAR_ID="23" KVO="1" PRICE="7.00" SUMMA="7.00" PUBLISHED="N" ROW_NPP="1"/><ROW POS_ID="3" CHECKNO="660264" STRNO="4" TOVAR_ID="443" KVO="1" PRICE="9.00" SUMMA="9.00" PUBLISHED="N" ROW_NPP="1"/><ROW POS_ID="3" CHECKNO="660264" STRNO="5" TOVAR_ID="34" KVO="1" PRICE="6.00" SUMMA="6.00" PUBLISHED="N" ROW_NPP="1"/><ROW POS_ID="3" CHECKNO="660265" STRNO="1" TOVAR_ID="310" KVO="1" PRICE="15.00" SUMMA="15.00" PUBLISHED="N" ROW_NPP="0"/><ROW POS_ID="3" CHECKNO="660265" STRNO="2" TOVAR_ID="49" KVO="1" PRICE="8.00" SUMMA="8.00" PUBLISHED="N" ROW_NPP="1"/><ROW POS_ID="3" CHECKNO="660266" STRNO="1" TOVAR_ID="534" KVO="1" PRICE="12.00" SUMMA="12.00" PUBLISHED="N" ROW_NPP="0"/><ROW POS_ID="3" CHECKNO="660267" STRNO="1" TOVAR_ID="8" KVO="1" PRICE="15.00" SUMMA="15.00" PUBLISHED="N" ROW_NPP="0"/><ROW POS_ID="3" CHECKNO="660267" STRNO="2" TOVAR_ID="443" KVO="1" PRICE="9.00" SUMMA="9.00" PUBLISHED="N" ROW_NPP="1"/><ROW POS_ID="3" CHECKNO="660268" STRNO="1" TOVAR_ID="625" KVO="1" PRICE="12.00" SUMMA="12.00" PUBLISHED="N" ROW_NPP="0"/><ROW POS_ID="3" CHECKNO="660269" STRNO="1" TOVAR_ID="654" KVO="2" PRICE="42.00" SUMMA="84.00" PUBLISHED="N" ROW_NPP="0"/><ROW POS_ID="3" CHECKNO="660269" STRNO="2" TOVAR_ID="633" KVO="1" PRICE="31.00" SUMMA="31.00" PUBLISHED="N" ROW_NPP="0"/><ROW POS_ID="3" CHECKNO="660269" STRNO="3" TOVAR_ID="33" KVO="1" PRICE="6.00" SUMMA="6.00" PUBLISHED="N" ROW_NPP="2"/><ROW POS_ID="3" CHECKNO="660270" STRNO="1" TOVAR_ID="1" KVO="1" PRICE="36.00" SUMMA="36.00" PUBLISHED="N" ROW_NPP="0"/><ROW POS_ID="3" CHECKNO="660270" STRNO="2" TOVAR_ID="6" KVO="1" PRICE="17.00" SUMMA="17.00" PUBLISHED="N" ROW_NPP="0"/><ROW POS_ID="3" CHECKNO="660270" STRNO="3" TOVAR_ID="7" KVO="1" PRICE="17.00" SUMMA="17.00" PUBLISHED="N" ROW_NPP="0"/><ROW POS_ID="3" CHECKNO="660270" STRNO="4" TOVAR_ID="44" KVO="1" PRICE="15.00" SUMMA="15.00" PUBLISHED="N" ROW_NPP="0"/><ROW POS_ID="3" CHECKNO="660270" STRNO="5" TOVAR_ID="222" KVO="1" PRICE="11.00" SUMMA="11.00" PUBLISHED="N" ROW_NPP="0"/><ROW POS_ID="3" CHECKNO="660271" STRNO="1" TOVAR_ID="7" KVO="1" PRICE="17.00" SUMMA="17.00" PUBLISHED="N" ROW_NPP="0"/><ROW POS_ID="3" CHECKNO="660271" STRNO="2" TOVAR_ID="62" KVO="1" PRICE="11.00" SUMMA="11.00" PUBLISHED="N" ROW_NPP="1"/><ROW POS_ID="3" CHECKNO="660271" STRNO="3" TOVAR_ID="23" KVO="1" PRICE="7.00" SUMMA="7.00" PUBLISHED="N" ROW_NPP="1"/><ROW POS_ID="3" CHECKNO="660272" STRNO="1" TOVAR_ID="7" KVO="2" PRICE="17.00" SUMMA="34.00" PUBLISHED="N" ROW_NPP="0"/><ROW POS_ID="3" CHECKNO="660272" STRNO="2" TOVAR_ID="26" KVO="2" PRICE="9.00" SUMMA="18.00" PUBLISHED="N" ROW_NPP="1"/><ROW POS_ID="3" CHECKNO="660272" STRNO="3" TOVAR_ID="23" KVO="2" PRICE="7.00" SUMMA="14.00" PUBLISHED="N" ROW_NPP="1"/><ROW POS_ID="3" CHECKNO="660273" STRNO="1" TOVAR_ID="7" KVO="1" PRICE="17.00" SUMMA="17.00" PUBLISHED="N" ROW_NPP="0"/><ROW POS_ID="3" CHECKNO="660273" STRNO="2" TOVAR_ID="26" KVO="1" PRICE="9.00" SUMMA="9.00" PUBLISHED="N" ROW_NPP="1"/><ROW POS_ID="3" CHECKNO="660273" STRNO="3" TOVAR_ID="23" KVO="1" PRICE="7.00" SUMMA="7.00" PUBLISHED="N" ROW_NPP="1"/><ROW POS_ID="3" CHECKNO="660273" STRNO="4" TOVAR_ID="33" KVO="1" PRICE="6.00" SUMMA="6.00" PUBLISHED="N" ROW_NPP="1"/><ROW POS_ID="3" CHECKNO="660274" STRNO="1" TOVAR_ID="9" KVO="1" PRICE="17.00" SUMMA="17.00" PUBLISHED="N" ROW_NPP="0"/><ROW POS_ID="3" CHECKNO="660274" STRNO="2" TOVAR_ID="23" KVO="1" PRICE="7.00" SUMMA="7.00" PUBLISHED="N" ROW_NPP="1"/><ROW POS_ID="3" CHECKNO="660274" STRNO="3" TOVAR_ID="443" KVO="1" PRICE="9.00" SUMMA="9.00" PUBLISHED="N" ROW_NPP="1"/><ROW POS_ID="3" CHECKNO="660274" STRNO="4" TOVAR_ID="32" KVO="1" PRICE="8.00" SUMMA="8.00" PUBLISHED="N" ROW_NPP="1"/><ROW POS_ID="3" CHECKNO="660275" STRNO="1" TOVAR_ID="7" KVO="1" PRICE="17.00" SUMMA="17.00" PUBLISHED="N" ROW_NPP="0"/><ROW POS_ID="3" CHECKNO="660275" STRNO="2" TOVAR_ID="26" KVO="1" PRICE="9.00" SUMMA="9.00" PUBLISHED="N" ROW_NPP="1"/><ROW POS_ID="3" CHECKNO="660275" STRNO="3" TOVAR_ID="23" KVO="1" PRICE="7.00" SUMMA="7.00" PUBLISHED="N" ROW_NPP="1"/><ROW POS_ID="3" CHECKNO="660275" STRNO="4" TOVAR_ID="533" KVO="1" PRICE="9.00" SUMMA="9.00" PUBLISHED="N" ROW_NPP="0"/><ROW POS_ID="3" CHECKNO="660275" STRNO="5" TOVAR_ID="542" KVO="1" PRICE="4.00" SUMMA="4.00" PUBLISHED="N" ROW_NPP="0"/><ROW POS_ID="3" CHECKNO="660276" STRNO="1" TOVAR_ID="633" KVO="1" PRICE="31.00" SUMMA="31.00" PUBLISHED="N" ROW_NPP="0"/><ROW POS_ID="3" CHECKNO="660276" STRNO="2" TOVAR_ID="34" KVO="1" PRICE="6.00" SUMMA="6.00" PUBLISHED="N" ROW_NPP="1"/><ROW POS_ID="3" CHECKNO="660276" STRNO="3" TOVAR_ID="43" KVO="1" PRICE="9.00" SUMMA="9.00" PUBLISHED="N" ROW_NPP="0"/><ROW POS_ID="3" CHECKNO="660277" STRNO="1" TOVAR_ID="429" KVO="1" PRICE="7.00" SUMMA="7.00" PUBLISHED="N" ROW_NPP="0"/><ROW POS_ID="3" CHECKNO="660278" STRNO="1" TOVAR_ID="10" KVO="1" PRICE="16.00" SUMMA="16.00" PUBLISHED="N" ROW_NPP="0"/><ROW POS_ID="3" CHECKNO="660278" STRNO="2" TOVAR_ID="23" KVO="1" PRICE="7.00" SUMMA="7.00" PUBLISHED="N" ROW_NPP="1"/><ROW POS_ID="3" CHECKNO="660278" STRNO="3" TOVAR_ID="693" KVO="1" PRICE="5.00" SUMMA="5.00" PUBLISHED="N" ROW_NPP="1"/><ROW POS_ID="3" CHECKNO="660278" STRNO="4" TOVAR_ID="443" KVO="1" PRICE="9.00" SUMMA="9.00" PUBLISHED="N" ROW_NPP="1"/><ROW POS_ID="3" CHECKNO="660278" STRNO="5" TOVAR_ID="20" KVO="1" PRICE="14.00" SUMMA="14.00" PUBLISHED="N" ROW_NPP="0"/><ROW POS_ID="3" CHECKNO="660278" STRNO="6" TOVAR_ID="311" KVO="1" PRICE="9.00" SUMMA="9.00" PUBLISHED="N" ROW_NPP="5"/><ROW POS_ID="3" CHECKNO="660278" STRNO="7" TOVAR_ID="49" KVO="1" PRICE="8.00" SUMMA="8.00" PUBLISHED="N" ROW_NPP="5"/><ROW POS_ID="3" CHECKNO="660278" STRNO="8" TOVAR_ID="82" KVO="1" PRICE="7.00" SUMMA="7.00" PUBLISHED="N" ROW_NPP="5"/><ROW POS_ID="3" CHECKNO="660279" STRNO="1" TOVAR_ID="6" KVO="1" PRICE="17.00" SUMMA="17.00" PUBLISHED="N" ROW_NPP="0"/><ROW POS_ID="3" CHECKNO="660279" STRNO="2" TOVAR_ID="26" KVO="1" PRICE="9.00" SUMMA="9.00" PUBLISHED="N" ROW_NPP="1"/><ROW POS_ID="3" CHECKNO="660279" STRNO="3" TOVAR_ID="23" KVO="1" PRICE="7.00" SUMMA="7.00" PUBLISHED="N" ROW_NPP="1"/><ROW POS_ID="3" CHECKNO="660279" STRNO="4" TOVAR_ID="443" KVO="1" PRICE="9.00" SUMMA="9.00" PUBLISHED="N" ROW_NPP="1"/><ROW POS_ID="3" CHECKNO="660279" STRNO="5" TOVAR_ID="36" KVO="1" PRICE="6.00" SUMMA="6.00" PUBLISHED="N" ROW_NPP="1"/><ROW POS_ID="3" CHECKNO="660279" STRNO="6" TOVAR_ID="6" KVO="1" PRICE="17.00" SUMMA="17.00" PUBLISHED="N" ROW_NPP="0"/><ROW POS_ID="3" CHECKNO="660279" STRNO="7" TOVAR_ID="26" KVO="1" PRICE="9.00" SUMMA="9.00" PUBLISHED="N" ROW_NPP="6"/><ROW POS_ID="3" CHECKNO="660279" STRNO="8" TOVAR_ID="23" KVO="1" PRICE="7.00" SUMMA="7.00" PUBLISHED="N" ROW_NPP="6"/><ROW POS_ID="3" CHECKNO="660279" STRNO="9" TOVAR_ID="693" KVO="1" PRICE="5.00" SUMMA="5.00" PUBLISHED="N" ROW_NPP="6"/><ROW POS_ID="3" CHECKNO="660279" STRNO="10" TOVAR_ID="33" KVO="1" PRICE="6.00" SUMMA="6.00" PUBLISHED="N" ROW_NPP="6"/><ROW POS_ID="3" CHECKNO="660280" STRNO="1" TOVAR_ID="7" KVO="1" PRICE="17.00" SUMMA="17.00" PUBLISHED="N" ROW_NPP="0"/><ROW POS_ID="3" CHECKNO="660280" STRNO="2" TOVAR_ID="26" KVO="1" PRICE="9.00" SUMMA="9.00" PUBLISHED="N" ROW_NPP="1"/><ROW POS_ID="3" CHECKNO="660280" STRNO="3" TOVAR_ID="23" KVO="1" PRICE="7.00" SUMMA="7.00" PUBLISHED="N" ROW_NPP="1"/><ROW POS_ID="3" CHECKNO="660280" STRNO="4" TOVAR_ID="7" KVO="1" PRICE="17.00" SUMMA="17.00" PUBLISHED="N" ROW_NPP="0"/><ROW POS_ID="3" CHECKNO="660280" STRNO="5" TOVAR_ID="26" KVO="1" PRICE="9.00" SUMMA="9.00" PUBLISHED="N" ROW_NPP="4"/><ROW POS_ID="3" CHECKNO="660281" STRNO="1" TOVAR_ID="672" KVO="1" PRICE="20.00" SUMMA="20.00" PUBLISHED="N" ROW_NPP="0"/><ROW POS_ID="3" CHECKNO="660282" STRNO="1" TOVAR_ID="7" KVO="1" PRICE="17.00" SUMMA="17.00" PUBLISHED="N" ROW_NPP="0"/><ROW POS_ID="3" CHECKNO="660282" STRNO="2" TOVAR_ID="23" KVO="1" PRICE="7.00" SUMMA="7.00" PUBLISHED="N" ROW_NPP="1"/><ROW POS_ID="3" CHECKNO="660283" STRNO="1" TOVAR_ID="7" KVO="1" PRICE="17.00" SUMMA="17.00" PUBLISHED="N" ROW_NPP="0"/><ROW POS_ID="3" CHECKNO="660283" STRNO="2" TOVAR_ID="26" KVO="1" PRICE="9.00" SUMMA="9.00" PUBLISHED="N" ROW_NPP="1"/><ROW POS_ID="3" CHECKNO="660283" STRNO="3" TOVAR_ID="35" KVO="1" PRICE="6.00" SUMMA="6.00" PUBLISHED="N" ROW_NPP="1"/><ROW POS_ID="3" CHECKNO="660284" STRNO="1" TOVAR_ID="7" KVO="1" PRICE="17.00" SUMMA="17.00" PUBLISHED="N" ROW_NPP="0"/><ROW POS_ID="3" CHECKNO="660284" STRNO="2" TOVAR_ID="26" KVO="1" PRICE="9.00" SUMMA="9.00" PUBLISHED="N" ROW_NPP="1"/><ROW POS_ID="3" CHECKNO="660284" STRNO="3" TOVAR_ID="693" KVO="1" PRICE="5.00" SUMMA="5.00" PUBLISHED="N" ROW_NPP="1"/><ROW POS_ID="3" CHECKNO="660284" STRNO="4" TOVAR_ID="35" KVO="1" PRICE="6.00" SUMMA="6.00" PUBLISHED="N" ROW_NPP="1"/><ROW POS_ID="3" CHECKNO="660285" STRNO="1" TOVAR_ID="7" KVO="2" PRICE="17.00" SUMMA="34.00" PUBLISHED="N" ROW_NPP="0"/><ROW POS_ID="3" CHECKNO="660285" STRNO="2" TOVAR_ID="26" KVO="2" PRICE="9.00" SUMMA="18.00" PUBLISHED="N" ROW_NPP="1"/><ROW POS_ID="3" CHECKNO="660285" STRNO="3" TOVAR_ID="23" KVO="2" PRICE="7.00" SUMMA="14.00" PUBLISHED="N" ROW_NPP="1"/><ROW POS_ID="3" CHECKNO="660286" STRNO="1" TOVAR_ID="10" KVO="1" PRICE="16.00" SUMMA="16.00" PUBLISHED="N" ROW_NPP="0"/><ROW POS_ID="3" CHECKNO="660286" STRNO="2" TOVAR_ID="23" KVO="1" PRICE="7.00" SUMMA="7.00" PUBLISHED="N" ROW_NPP="1"/><ROW POS_ID="3" CHECKNO="660286" STRNO="3" TOVAR_ID="35" KVO="1" PRICE="6.00" SUMMA="6.00" PUBLISHED="N" ROW_NPP="1"/><ROW POS_ID="3" CHECKNO="660287" STRNO="1" TOVAR_ID="7" KVO="1" PRICE="17.00" SUMMA="17.00" PUBLISHED="N" ROW_NPP="0"/><ROW POS_ID="3" CHECKNO="660287" STRNO="2" TOVAR_ID="23" KVO="1" PRICE="7.00" SUMMA="7.00" PUBLISHED="N" ROW_NPP="1"/><ROW POS_ID="3" CHECKNO="660287" STRNO="3" TOVAR_ID="36" KVO="1" PRICE="6.00" SUMMA="6.00" PUBLISHED="N" ROW_NPP="1"/><ROW POS_ID="3" CHECKNO="660288" STRNO="1" TOVAR_ID="7" KVO="1" PRICE="17.00" SUMMA="17.00" PUBLISHED="N" ROW_NPP="0"/><ROW POS_ID="3" CHECKNO="660288" STRNO="2" TOVAR_ID="23" KVO="1" PRICE="7.00" SUMMA="7.00" PUBLISHED="N" ROW_NPP="1"/><ROW POS_ID="3" CHECKNO="660288" STRNO="3" TOVAR_ID="26" KVO="1" PRICE="9.00" SUMMA="9.00" PUBLISHED="N" ROW_NPP="1"/><ROW POS_ID="3" CHECKNO="660288" STRNO="4" TOVAR_ID="656" KVO="1" PRICE="1.00" SUMMA="1.00" PUBLISHED="N" ROW_NPP="1"/><ROW POS_ID="3" CHECKNO="660289" STRNO="1" TOVAR_ID="7" KVO="1" PRICE="17.00" SUMMA="17.00" PUBLISHED="N" ROW_NPP="0"/><ROW POS_ID="3" CHECKNO="660289" STRNO="2" TOVAR_ID="63" KVO="1" PRICE="11.00" SUMMA="11.00" PUBLISHED="N" ROW_NPP="1"/><ROW POS_ID="3" CHECKNO="660289" STRNO="3" TOVAR_ID="656" KVO="1" PRICE="1.00" SUMMA="1.00" PUBLISHED="N" ROW_NPP="1"/><ROW POS_ID="3" CHECKNO="660289" STRNO="4" TOVAR_ID="457" KVO="1" PRICE="5.00" SUMMA="5.00" PUBLISHED="N" ROW_NPP="1"/><ROW POS_ID="3" CHECKNO="660289" STRNO="5" TOVAR_ID="443" KVO="1" PRICE="9.00" SUMMA="9.00" PUBLISHED="N" ROW_NPP="1"/><ROW POS_ID="3" CHECKNO="660289" STRNO="6" TOVAR_ID="34" KVO="1" PRICE="6.00" SUMMA="6.00" PUBLISHED="N" ROW_NPP="1"/><ROW POS_ID="3" CHECKNO="660289" STRNO="7" TOVAR_ID="6" KVO="1" PRICE="17.00" SUMMA="17.00" PUBLISHED="N" ROW_NPP="0"/><ROW POS_ID="3" CHECKNO="660289" STRNO="8" TOVAR_ID="443" KVO="1" PRICE="9.00" SUMMA="9.00" PUBLISHED="N" ROW_NPP="7"/><ROW POS_ID="3" CHECKNO="660289" STRNO="9" TOVAR_ID="23" KVO="1" PRICE="7.00" SUMMA="7.00" PUBLISHED="N" ROW_NPP="7"/><ROW POS_ID="3" CHECKNO="660289" STRNO="10" TOVAR_ID="34" KVO="1" PRICE="6.00" SUMMA="6.00" PUBLISHED="N" ROW_NPP="7"/><ROW POS_ID="3" CHECKNO="660289" STRNO="11" TOVAR_ID="612" KVO="1" PRICE="30.00" SUMMA="30.00" PUBLISHED="N" ROW_NPP="0"/><ROW POS_ID="3" CHECKNO="660290" STRNO="1" TOVAR_ID="429" KVO="1" PRICE="7.00" SUMMA="7.00" PUBLISHED="N" ROW_NPP="0"/><ROW POS_ID="3" CHECKNO="660291" STRNO="1" TOVAR_ID="430" KVO="1" PRICE="7.00" SUMMA="7.00" PUBLISHED="N" ROW_NPP="0"/><ROW POS_ID="3" CHECKNO="660292" STRNO="1" TOVAR_ID="7" KVO="2" PRICE="17.00" SUMMA="34.00" PUBLISHED="N" ROW_NPP="0"/><ROW POS_ID="3" CHECKNO="660292" STRNO="2" TOVAR_ID="428" KVO="2" PRICE="5.00" SUMMA="10.00" PUBLISHED="N" ROW_NPP="1"/><ROW POS_ID="3" CHECKNO="660292" STRNO="3" TOVAR_ID="23" KVO="2" PRICE="7.00" SUMMA="14.00" PUBLISHED="N" ROW_NPP="1"/><ROW POS_ID="3" CHECKNO="660292" STRNO="4" TOVAR_ID="34" KVO="2" PRICE="6.00" SUMMA="12.00" PUBLISHED="N" ROW_NPP="1"/><ROW POS_ID="3" CHECKNO="660292" STRNO="5" TOVAR_ID="432" KVO="2" PRICE="7.00" SUMMA="14.00" PUBLISHED="N" ROW_NPP="0"/><ROW POS_ID="3" CHECKNO="660293" STRNO="1" TOVAR_ID="533" KVO="1" PRICE="9.00" SUMMA="9.00" PUBLISHED="N" ROW_NPP="0"/><ROW POS_ID="3" CHECKNO="660294" STRNO="1" TOVAR_ID="9" KVO="1" PRICE="17.00" SUMMA="17.00" PUBLISHED="N" ROW_NPP="0"/><ROW POS_ID="3" CHECKNO="660294" STRNO="2" TOVAR_ID="23" KVO="1" PRICE="7.00" SUMMA="7.00" PUBLISHED="N" ROW_NPP="1"/><ROW POS_ID="3" CHECKNO="660294" STRNO="3" TOVAR_ID="443" KVO="1" PRICE="9.00" SUMMA="9.00" PUBLISHED="N" ROW_NPP="1"/><ROW POS_ID="3" CHECKNO="660294" STRNO="4" TOVAR_ID="656" KVO="1" PRICE="1.00" SUMMA="1.00" PUBLISHED="N" ROW_NPP="1"/><ROW POS_ID="3" CHECKNO="660294" STRNO="5" TOVAR_ID="428" KVO="1" PRICE="5.00" SUMMA="5.00" PUBLISHED="N" ROW_NPP="1"/><ROW POS_ID="3" CHECKNO="660295" STRNO="1" TOVAR_ID="21" KVO="1" PRICE="13.00" SUMMA="13.00" PUBLISHED="N" ROW_NPP="0"/><ROW POS_ID="3" CHECKNO="660295" STRNO="2" TOVAR_ID="49" KVO="1" PRICE="8.00" SUMMA="8.00" PUBLISHED="N" ROW_NPP="1"/><ROW POS_ID="3" CHECKNO="660296" STRNO="1" TOVAR_ID="654" KVO="1" PRICE="42.00" SUMMA="42.00" PUBLISHED="N" ROW_NPP="0"/><ROW POS_ID="3" CHECKNO="660296" STRNO="2" TOVAR_ID="533" KVO="1" PRICE="9.00" SUMMA="9.00" PUBLISHED="N" ROW_NPP="0"/><ROW POS_ID="3" CHECKNO="660297" STRNO="1" TOVAR_ID="21" KVO="2" PRICE="13.00" SUMMA="26.00" PUBLISHED="N" ROW_NPP="0"/><ROW POS_ID="3" CHECKNO="660297" STRNO="2" TOVAR_ID="49" KVO="2" PRICE="8.00" SUMMA="16.00" PUBLISHED="N" ROW_NPP="1"/><ROW POS_ID="3" CHECKNO="660298" STRNO="1" TOVAR_ID="9" KVO="1" PRICE="17.00" SUMMA="17.00" PUBLISHED="N" ROW_NPP="0"/><ROW POS_ID="3" CHECKNO="660298" STRNO="2" TOVAR_ID="443" KVO="1" PRICE="9.00" SUMMA="9.00" PUBLISHED="N" ROW_NPP="1"/><ROW POS_ID="3" CHECKNO="660298" STRNO="3" TOVAR_ID="23" KVO="1" PRICE="7.00" SUMMA="7.00" PUBLISHED="N" ROW_NPP="1"/><ROW POS_ID="3" CHECKNO="660298" STRNO="4" TOVAR_ID="314" KVO="1" PRICE="5.00" SUMMA="5.00" PUBLISHED="N" ROW_NPP="1"/><ROW POS_ID="3" CHECKNO="660298" STRNO="5" TOVAR_ID="27" KVO="1" PRICE="5.00" SUMMA="5.00" PUBLISHED="N" ROW_NPP="1"/><ROW POS_ID="3" CHECKNO="660298" STRNO="6" TOVAR_ID="33" KVO="1" PRICE="6.00" SUMMA="6.00" PUBLISHED="N" ROW_NPP="1"/><ROW POS_ID="3" CHECKNO="660299" STRNO="1" TOVAR_ID="3" KVO="1" PRICE="26.00" SUMMA="26.00" PUBLISHED="N" ROW_NPP="0"/><ROW POS_ID="3" CHECKNO="660299" STRNO="2" TOVAR_ID="23" KVO="1" PRICE="7.00" SUMMA="7.00" PUBLISHED="N" ROW_NPP="1"/><ROW POS_ID="3" CHECKNO="660300" STRNO="1" TOVAR_ID="625" KVO="2" PRICE="12.00" SUMMA="24.00" PUBLISHED="N" ROW_NPP="0"/><ROW POS_ID="3" CHECKNO="660301" STRNO="1" TOVAR_ID="9" KVO="1" PRICE="17.00" SUMMA="17.00" PUBLISHED="N" ROW_NPP="0"/><ROW POS_ID="3" CHECKNO="660301" STRNO="2" TOVAR_ID="27" KVO="1" PRICE="5.00" SUMMA="5.00" PUBLISHED="N" ROW_NPP="1"/><ROW POS_ID="3" CHECKNO="660301" STRNO="3" TOVAR_ID="36" KVO="1" PRICE="6.00" SUMMA="6.00" PUBLISHED="N" ROW_NPP="1"/><ROW POS_ID="3" CHECKNO="660302" STRNO="1" TOVAR_ID="674" KVO="1" PRICE="30.00" SUMMA="30.00" PUBLISHED="N" ROW_NPP="0"/><ROW POS_ID="3" CHECKNO="660303" STRNO="1" TOVAR_ID="347" KVO="1" PRICE="12.00" SUMMA="12.00" PUBLISHED="N" ROW_NPP="0"/><ROW POS_ID="3" CHECKNO="660303" STRNO="2" TOVAR_ID="82" KVO="1" PRICE="7.00" SUMMA="7.00" PUBLISHED="N" ROW_NPP="1"/><ROW POS_ID="3" CHECKNO="660303" STRNO="3" TOVAR_ID="48" KVO="1" PRICE="6.00" SUMMA="6.00" PUBLISHED="N" ROW_NPP="1"/><ROW POS_ID="3" CHECKNO="660303" STRNO="4" TOVAR_ID="683" KVO="1" PRICE="17.00" SUMMA="17.00" PUBLISHED="N" ROW_NPP="0"/><ROW POS_ID="3" CHECKNO="660303" STRNO="5" TOVAR_ID="682" KVO="1" PRICE="11.00" SUMMA="11.00" PUBLISHED="N" ROW_NPP="4"/><ROW POS_ID="3" CHECKNO="660303" STRNO="6" TOVAR_ID="61" KVO="2" PRICE="10.00" SUMMA="20.00" PUBLISHED="N" ROW_NPP="4"/><ROW POS_ID="3" CHECKNO="660303" STRNO="7" TOVAR_ID="33" KVO="1" PRICE="6.00" SUMMA="6.00" PUBLISHED="N" ROW_NPP="4"/><ROW POS_ID="3" CHECKNO="660303" STRNO="8" TOVAR_ID="542" KVO="1" PRICE="4.00" SUMMA="4.00" PUBLISHED="N" ROW_NPP="0"/><ROW POS_ID="3" CHECKNO="660303" STRNO="9" TOVAR_ID="533" KVO="1" PRICE="9.00" SUMMA="9.00" PUBLISHED="N" ROW_NPP="0"/><ROW POS_ID="3" CHECKNO="660304" STRNO="1" TOVAR_ID="5" KVO="1" PRICE="11.00" SUMMA="11.00" PUBLISHED="N" ROW_NPP="0"/><ROW POS_ID="3" CHECKNO="660304" STRNO="2" TOVAR_ID="61" KVO="1" PRICE="10.00" SUMMA="10.00" PUBLISHED="N" ROW_NPP="1"/><ROW POS_ID="3" CHECKNO="660304" STRNO="3" TOVAR_ID="457" KVO="1" PRICE="5.00" SUMMA="5.00" PUBLISHED="N" ROW_NPP="1"/><ROW POS_ID="3" CHECKNO="660304" STRNO="4" TOVAR_ID="36" KVO="1" PRICE="6.00" SUMMA="6.00" PUBLISHED="N" ROW_NPP="1"/><ROW POS_ID="3" CHECKNO="660304" STRNO="5" TOVAR_ID="26" KVO="1" PRICE="9.00" SUMMA="9.00" PUBLISHED="N" ROW_NPP="1"/><ROW POS_ID="3" CHECKNO="660304" STRNO="6" TOVAR_ID="23" KVO="1" PRICE="7.00" SUMMA="7.00" PUBLISHED="N" ROW_NPP="1"/><ROW POS_ID="3" CHECKNO="660305" STRNO="1" TOVAR_ID="7" KVO="1" PRICE="17.00" SUMMA="17.00" PUBLISHED="N" ROW_NPP="0"/><ROW POS_ID="3" CHECKNO="660305" STRNO="2" TOVAR_ID="23" KVO="1" PRICE="7.00" SUMMA="7.00" PUBLISHED="N" ROW_NPP="1"/><ROW POS_ID="3" CHECKNO="660305" STRNO="3" TOVAR_ID="36" KVO="1" PRICE="6.00" SUMMA="6.00" PUBLISHED="N" ROW_NPP="1"/><ROW POS_ID="3" CHECKNO="660306" STRNO="1" TOVAR_ID="447" KVO="1" PRICE="15.00" SUMMA="15.00" PUBLISHED="N" ROW_NPP="0"/><ROW POS_ID="3" CHECKNO="660306" STRNO="2" TOVAR_ID="62" KVO="1" PRICE="11.00" SUMMA="11.00" PUBLISHED="N" ROW_NPP="1"/><ROW POS_ID="3" CHECKNO="660306" STRNO="3" TOVAR_ID="23" KVO="1" PRICE="7.00" SUMMA="7.00" PUBLISHED="N" ROW_NPP="1"/><ROW POS_ID="3" CHECKNO="660306" STRNO="4" TOVAR_ID="35" KVO="1" PRICE="6.00" SUMMA="6.00" PUBLISHED="N" ROW_NPP="1"/><ROW POS_ID="3" CHECKNO="660307" STRNO="1" TOVAR_ID="7" KVO="1" PRICE="17.00" SUMMA="17.00" PUBLISHED="N" ROW_NPP="0"/><ROW POS_ID="3" CHECKNO="660307" STRNO="2" TOVAR_ID="23" KVO="1" PRICE="7.00" SUMMA="7.00" PUBLISHED="N" ROW_NPP="1"/><ROW POS_ID="3" CHECKNO="660307" STRNO="3" TOVAR_ID="34" KVO="1" PRICE="6.00" SUMMA="6.00" PUBLISHED="N" ROW_NPP="1"/><ROW POS_ID="3" CHECKNO="660308" STRNO="1" TOVAR_ID="21" KVO="1" PRICE="13.00" SUMMA="13.00" PUBLISHED="N" ROW_NPP="0"/><ROW POS_ID="3" CHECKNO="660308" STRNO="2" TOVAR_ID="49" KVO="1" PRICE="8.00" SUMMA="8.00" PUBLISHED="N" ROW_NPP="1"/><ROW POS_ID="3" CHECKNO="660308" STRNO="3" TOVAR_ID="348" KVO="1" PRICE="6.00" SUMMA="6.00" PUBLISHED="N" ROW_NPP="1"/><ROW POS_ID="3" CHECKNO="660308" STRNO="4" TOVAR_ID="499" KVO="1" PRICE="1.00" SUMMA="1.00" PUBLISHED="N" ROW_NPP="1"/><ROW POS_ID="3" CHECKNO="660309" STRNO="1" TOVAR_ID="625" KVO="1" PRICE="12.00" SUMMA="12.00" PUBLISHED="N" ROW_NPP="0"/><ROW POS_ID="3" CHECKNO="660310" STRNO="1" TOVAR_ID="7" KVO="1" PRICE="17.00" SUMMA="17.00" PUBLISHED="N" ROW_NPP="0"/><ROW POS_ID="3" CHECKNO="660310" STRNO="2" TOVAR_ID="223" KVO="1" PRICE="7.00" SUMMA="7.00" PUBLISHED="N" ROW_NPP="1"/><ROW POS_ID="3" CHECKNO="660310" STRNO="3" TOVAR_ID="23" KVO="1" PRICE="7.00" SUMMA="7.00" PUBLISHED="N" ROW_NPP="1"/></ROWDATA></DATAPACKET>