<?xml version="1.0" encoding="UTF-8" standalone="yes"?>  <DATAPACKET Version="2.0"><METADATA><FIELDS><FIELD attrname="POS_ID" fieldtype="i4" required="true"><PARAM Name="ORIGIN" Value="PAYCHECKS.POS_ID" Roundtrip="True"/></FIELD><FIELD attrname="SMENA_ID" fieldtype="i4" required="true"><PARAM Name="ORIGIN" Value="PAYCHECKS.SMENA_ID" Roundtrip="True"/></FIELD><FIELD attrname="CHECKNO" fieldtype="i4" required="true"><PARAM Name="ORIGIN" Value="PAYCHECKS.CHECKNO" Roundtrip="True"/></FIELD><FIELD attrname="SUMMA" fieldtype="fixed" DECIMALS="2" WIDTH="18"><PARAM Name="ORIGIN" Value="PAYCHECKS.SUMMA" Roundtrip="True"/></FIELD><FIELD attrname="EKR_CHECKNO" fieldtype="i4"><PARAM Name="ORIGIN" Value="PAYCHECKS.EKR_CHECKNO" Roundtrip="True"/></FIELD><FIELD attrname="EKR_SUMMA" fieldtype="fixed" DECIMALS="2" WIDTH="18"><PARAM Name="ORIGIN" Value="PAYCHECKS.EKR_SUMMA" Roundtrip="True"/></FIELD><FIELD attrname="STAMP" fieldtype="dateTime"><PARAM Name="ORIGIN" Value="PAYCHECKS.STAMP" Roundtrip="True"/></FIELD><FIELD attrname="PUBLISHED" fieldtype="string" SUBTYPE="FixedChar" WIDTH="1"><PARAM Name="ORIGIN" Value="PAYCHECKS.PUBLISHED" Roundtrip="True"/></FIELD><FIELD attrname="RET" fieldtype="i2"><PARAM Name="ORIGIN" Value="PAYCHECKS.RET" Roundtrip="True"/></FIELD><FIELD attrname="M_MALE" fieldtype="i2"><PARAM Name="ORIGIN" Value="PAYCHECKS.M_MALE" Roundtrip="True"/></FIELD><FIELD attrname="M_AGE" fieldtype="i2"><PARAM Name="ORIGIN" Value="PAYCHECKS.M_AGE" Roundtrip="True"/></FIELD><FIELD attrname="ZAKAZNO" fieldtype="i4"><PARAM Name="ORIGIN" Value="PAYCHECKS.ZAKAZNO" Roundtrip="True"/></FIELD></FIELDS><PARAMS/></METADATA><ROWDATA><ROW POS_ID="3" SMENA_ID="4402" CHECKNO="660277" SUMMA="7.00" EKR_CHECKNO="0" EKR_SUMMA="7.00" STAMP="20180924T14:28:13000" PUBLISHED="U" RET="0" M_MALE="0" M_AGE="0" ZAKAZNO="25"/><ROW POS_ID="3" SMENA_ID="4402" CHECKNO="660278" SUMMA="75.00" EKR_CHECKNO="0" EKR_SUMMA="75.00" STAMP="20180924T14:43:48000" PUBLISHED="U" RET="0" M_MALE="0" M_AGE="0" ZAKAZNO="26"/><ROW POS_ID="3" SMENA_ID="4402" CHECKNO="660279" SUMMA="92.00" EKR_CHECKNO="0" EKR_SUMMA="92.00" STAMP="20180924T14:59:48000" PUBLISHED="U" RET="0" M_MALE="0" M_AGE="0" ZAKAZNO="27"/><ROW POS_ID="3" SMENA_ID="4402" CHECKNO="660280" SUMMA="59.00" EKR_CHECKNO="0" EKR_SUMMA="59.00" STAMP="20180924T15:08:07000" PUBLISHED="U" RET="0" M_MALE="0" M_AGE="0" ZAKAZNO="28"/><ROW POS_ID="3" SMENA_ID="4402" CHECKNO="660281" SUMMA="20.00" EKR_CHECKNO="0" EKR_SUMMA="20.00" STAMP="20180924T15:28:14000" PUBLISHED="U" RET="0" M_MALE="0" M_AGE="0" ZAKAZNO="29"/><ROW POS_ID="3" SMENA_ID="4402" CHECKNO="660282" SUMMA="24.00" EKR_CHECKNO="0" EKR_SUMMA="24.00" STAMP="20180924T16:09:38000" PUBLISHED="U" RET="0" M_MALE="0" M_AGE="0" ZAKAZNO="30"/><ROW POS_ID="3" SMENA_ID="4402" CHECKNO="660283" SUMMA="32.00" EKR_CHECKNO="0" EKR_SUMMA="32.00" STAMP="20180924T16:17:53000" PUBLISHED="U" RET="0" M_MALE="0" M_AGE="0" ZAKAZNO="31"/><ROW POS_ID="3" SMENA_ID="4402" CHECKNO="660284" SUMMA="37.00" EKR_CHECKNO="0" EKR_SUMMA="37.00" STAMP="20180924T16:18:50000" PUBLISHED="U" RET="0" M_MALE="0" M_AGE="0" ZAKAZNO="32"/><ROW POS_ID="3" SMENA_ID="4402" CHECKNO="660285" SUMMA="66.00" EKR_CHECKNO="0" EKR_SUMMA="66.00" STAMP="20180924T16:20:01000" PUBLISHED="U" RET="0" M_MALE="0" M_AGE="0" ZAKAZNO="33"/><ROW POS_ID="3" SMENA_ID="4402" CHECKNO="660286" SUMMA="29.00" EKR_CHECKNO="0" EKR_SUMMA="29.00" STAMP="20180924T16:29:05000" PUBLISHED="U" RET="0" M_MALE="0" M_AGE="0" ZAKAZNO="34"/><ROW POS_ID="3" SMENA_ID="4402" CHECKNO="660287" SUMMA="30.00" EKR_CHECKNO="0" EKR_SUMMA="30.00" STAMP="20180924T16:36:34000" PUBLISHED="U" RET="0" M_MALE="0" M_AGE="0" ZAKAZNO="35"/><ROW POS_ID="3" SMENA_ID="4402" CHECKNO="660288" SUMMA="34.00" EKR_CHECKNO="0" EKR_SUMMA="34.00" STAMP="20180924T16:54:49000" PUBLISHED="U" RET="0" M_MALE="0" M_AGE="0" ZAKAZNO="36"/><ROW POS_ID="3" SMENA_ID="4402" CHECKNO="660258" SUMMA="28.00" EKR_CHECKNO="0" EKR_SUMMA="28.00" STAMP="20180924T10:55:24000" PUBLISHED="U" RET="0" M_MALE="0" M_AGE="0" ZAKAZNO="5"/><ROW POS_ID="3" SMENA_ID="4402" CHECKNO="660259" SUMMA="12.00" EKR_CHECKNO="0" EKR_SUMMA="12.00" STAMP="20180924T11:12:27000" PUBLISHED="U" RET="0" M_MALE="0" M_AGE="0" ZAKAZNO="7"/><ROW POS_ID="3" SMENA_ID="4402" CHECKNO="660260" SUMMA="63.00" EKR_CHECKNO="0" EKR_SUMMA="63.00" STAMP="20180924T11:38:51000" PUBLISHED="U" RET="0" M_MALE="0" M_AGE="0" ZAKAZNO="8"/><ROW POS_ID="3" SMENA_ID="4402" CHECKNO="660261" SUMMA="60.00" EKR_CHECKNO="0" EKR_SUMMA="60.00" STAMP="20180924T11:57:48000" PUBLISHED="U" RET="0" M_MALE="0" M_AGE="0" ZAKAZNO="9"/><ROW POS_ID="3" SMENA_ID="4402" CHECKNO="660262" SUMMA="20.00" EKR_CHECKNO="0" EKR_SUMMA="20.00" STAMP="20180924T11:58:47000" PUBLISHED="U" RET="0" M_MALE="0" M_AGE="0" ZAKAZNO="10"/><ROW POS_ID="3" SMENA_ID="4402" CHECKNO="660263" SUMMA="78.00" EKR_CHECKNO="0" EKR_SUMMA="78.00" STAMP="20180924T12:28:58000" PUBLISHED="U" RET="0" M_MALE="0" M_AGE="0" ZAKAZNO="11"/><ROW POS_ID="3" SMENA_ID="4402" CHECKNO="660264" SUMMA="48.00" EKR_CHECKNO="0" EKR_SUMMA="48.00" STAMP="20180924T13:18:24000" PUBLISHED="U" RET="0" M_MALE="0" M_AGE="0" ZAKAZNO="12"/><ROW POS_ID="3" SMENA_ID="4402" CHECKNO="660265" SUMMA="23.00" EKR_CHECKNO="0" EKR_SUMMA="23.00" STAMP="20180924T13:19:56000" PUBLISHED="U" RET="0" M_MALE="0" M_AGE="0" ZAKAZNO="13"/><ROW POS_ID="3" SMENA_ID="4402" CHECKNO="660266" SUMMA="12.00" EKR_CHECKNO="0" EKR_SUMMA="12.00" STAMP="20180924T13:21:16000" PUBLISHED="U" RET="0" M_MALE="0" M_AGE="0" ZAKAZNO="14"/><ROW POS_ID="3" SMENA_ID="4402" CHECKNO="660267" SUMMA="24.00" EKR_CHECKNO="0" EKR_SUMMA="24.00" STAMP="20180924T13:27:09000" PUBLISHED="U" RET="0" M_MALE="0" M_AGE="0" ZAKAZNO="15"/><ROW POS_ID="3" SMENA_ID="4402" CHECKNO="660268" SUMMA="12.00" EKR_CHECKNO="0" EKR_SUMMA="12.00" STAMP="20180924T13:27:32000" PUBLISHED="U" RET="0" M_MALE="0" M_AGE="0" ZAKAZNO="16"/><ROW POS_ID="3" SMENA_ID="4402" CHECKNO="660269" SUMMA="121.00" EKR_CHECKNO="0" EKR_SUMMA="121.00" STAMP="20180924T13:36:36000" PUBLISHED="U" RET="0" M_MALE="0" M_AGE="0" ZAKAZNO="17"/><ROW POS_ID="3" SMENA_ID="4402" CHECKNO="660270" SUMMA="96.00" EKR_CHECKNO="0" EKR_SUMMA="96.00" STAMP="20180924T13:38:51000" PUBLISHED="U" RET="0" M_MALE="0" M_AGE="0" ZAKAZNO="18"/><ROW POS_ID="3" SMENA_ID="4402" CHECKNO="660271" SUMMA="35.00" EKR_CHECKNO="0" EKR_SUMMA="35.00" STAMP="20180924T13:45:28000" PUBLISHED="U" RET="0" M_MALE="0" M_AGE="0" ZAKAZNO="19"/><ROW POS_ID="3" SMENA_ID="4402" CHECKNO="660292" SUMMA="84.00" EKR_CHECKNO="0" EKR_SUMMA="84.00" STAMP="20180924T17:48:35000" PUBLISHED="U" RET="0" M_MALE="0" M_AGE="0" ZAKAZNO="39"/><ROW POS_ID="3" SMENA_ID="4402" CHECKNO="660293" SUMMA="9.00" EKR_CHECKNO="0" EKR_SUMMA="9.00" STAMP="20180924T17:51:38000" PUBLISHED="U" RET="0" M_MALE="0" M_AGE="0" ZAKAZNO="40"/><ROW POS_ID="3" SMENA_ID="4402" CHECKNO="660294" SUMMA="39.00" EKR_CHECKNO="0" EKR_SUMMA="39.00" STAMP="20180924T18:01:59000" PUBLISHED="U" RET="0" M_MALE="0" M_AGE="0" ZAKAZNO="41"/><ROW POS_ID="3" SMENA_ID="4402" CHECKNO="660295" SUMMA="21.00" EKR_CHECKNO="0" EKR_SUMMA="21.00" STAMP="20180924T18:13:29000" PUBLISHED="U" RET="0" M_MALE="0" M_AGE="0" ZAKAZNO="42"/><ROW POS_ID="3" SMENA_ID="4402" CHECKNO="660296" SUMMA="51.00" EKR_CHECKNO="0" EKR_SUMMA="51.00" STAMP="20180924T18:14:25000" PUBLISHED="U" RET="0" M_MALE="0" M_AGE="0" ZAKAZNO="43"/><ROW POS_ID="3" SMENA_ID="4402" CHECKNO="660297" SUMMA="42.00" EKR_CHECKNO="0" EKR_SUMMA="42.00" STAMP="20180924T18:28:45000" PUBLISHED="U" RET="0" M_MALE="0" M_AGE="0" ZAKAZNO="44"/><ROW POS_ID="3" SMENA_ID="4402" CHECKNO="660298" SUMMA="49.00" EKR_CHECKNO="0" EKR_SUMMA="49.00" STAMP="20180924T18:49:30000" PUBLISHED="U" RET="0" M_MALE="0" M_AGE="0" ZAKAZNO="45"/><ROW POS_ID="3" SMENA_ID="4402" CHECKNO="660299" SUMMA="33.00" EKR_CHECKNO="0" EKR_SUMMA="33.00" STAMP="20180924T18:54:41000" PUBLISHED="U" RET="0" M_MALE="0" M_AGE="0" ZAKAZNO="46"/><ROW POS_ID="3" SMENA_ID="4402" CHECKNO="660300" SUMMA="24.00" EKR_CHECKNO="0" EKR_SUMMA="24.00" STAMP="20180924T18:57:44000" PUBLISHED="U" RET="0" M_MALE="0" M_AGE="0" ZAKAZNO="47"/><ROW POS_ID="3" SMENA_ID="4402" CHECKNO="660301" SUMMA="28.00" EKR_CHECKNO="0" EKR_SUMMA="28.00" STAMP="20180924T19:21:06000" PUBLISHED="U" RET="0" M_MALE="0" M_AGE="0" ZAKAZNO="48"/><ROW POS_ID="3" SMENA_ID="4402" CHECKNO="660302" SUMMA="30.00" EKR_CHECKNO="0" EKR_SUMMA="30.00" STAMP="20180924T19:40:22000" PUBLISHED="U" RET="0" M_MALE="0" M_AGE="0" ZAKAZNO="49"/><ROW POS_ID="3" SMENA_ID="4402" CHECKNO="660303" SUMMA="92.00" EKR_CHECKNO="0" EKR_SUMMA="92.00" STAMP="20180924T20:05:55000" PUBLISHED="U" RET="0" M_MALE="0" M_AGE="0" ZAKAZNO="50"/><ROW POS_ID="3" SMENA_ID="4402" CHECKNO="660304" SUMMA="48.00" EKR_CHECKNO="0" EKR_SUMMA="48.00" STAMP="20180924T20:28:39000" PUBLISHED="U" RET="0" M_MALE="0" M_AGE="0" ZAKAZNO="51"/><ROW POS_ID="3" SMENA_ID="4403" CHECKNO="660305" SUMMA="30.00" EKR_CHECKNO="0" EKR_SUMMA="30.00" STAMP="20180925T09:42:56000" PUBLISHED="U" RET="0" M_MALE="0" M_AGE="0" ZAKAZNO="1"/><ROW POS_ID="3" SMENA_ID="4403" CHECKNO="660306" SUMMA="39.00" EKR_CHECKNO="0" EKR_SUMMA="39.00" STAMP="20180925T09:57:53000" PUBLISHED="U" RET="0" M_MALE="0" M_AGE="0" ZAKAZNO="2"/><ROW POS_ID="3" SMENA_ID="4403" CHECKNO="660307" SUMMA="30.00" EKR_CHECKNO="0" EKR_SUMMA="30.00" STAMP="20180925T10:15:45000" PUBLISHED="U" RET="0" M_MALE="0" M_AGE="0" ZAKAZNO="3"/><ROW POS_ID="3" SMENA_ID="4403" CHECKNO="660308" SUMMA="28.00" EKR_CHECKNO="0" EKR_SUMMA="28.00" STAMP="20180925T10:18:35000" PUBLISHED="U" RET="0" M_MALE="0" M_AGE="0" ZAKAZNO="4"/><ROW POS_ID="3" SMENA_ID="4403" CHECKNO="660309" SUMMA="12.00" EKR_CHECKNO="0" EKR_SUMMA="12.00" STAMP="20180925T10:25:38000" PUBLISHED="U" RET="0" M_MALE="0" M_AGE="0" ZAKAZNO="5"/><ROW POS_ID="3" SMENA_ID="4403" CHECKNO="660310" SUMMA="31.00" EKR_CHECKNO="0" EKR_SUMMA="31.00" STAMP="20180925T10:28:40000" PUBLISHED="U" RET="0" M_MALE="0" M_AGE="0" ZAKAZNO="6"/><ROW POS_ID="3" SMENA_ID="4402" CHECKNO="660289" SUMMA="118.00" EKR_CHECKNO="0" EKR_SUMMA="118.00" STAMP="20180924T17:28:48000" PUBLISHED="U" RET="0" M_MALE="0" M_AGE="0" ZAKAZNO="37"/><ROW POS_ID="3" SMENA_ID="4402" CHECKNO="660290" SUMMA="7.00" EKR_CHECKNO="0" EKR_SUMMA="7.00" STAMP="20180924T17:38:01000" PUBLISHED="U" RET="1" ZAKAZNO="0"/><ROW POS_ID="3" SMENA_ID="4402" CHECKNO="660291" SUMMA="7.00" EKR_CHECKNO="0" EKR_SUMMA="7.00" STAMP="20180924T17:38:22000" PUBLISHED="U" RET="0" M_MALE="0" M_AGE="0" ZAKAZNO="38"/><ROW POS_ID="3" SMENA_ID="4402" CHECKNO="660272" SUMMA="66.00" EKR_CHECKNO="0" EKR_SUMMA="66.00" STAMP="20180924T13:56:58000" PUBLISHED="U" RET="0" M_MALE="0" M_AGE="0" ZAKAZNO="6"/><ROW POS_ID="3" SMENA_ID="4402" CHECKNO="660273" SUMMA="39.00" EKR_CHECKNO="0" EKR_SUMMA="39.00" STAMP="20180924T13:58:07000" PUBLISHED="U" RET="0" M_MALE="0" M_AGE="0" ZAKAZNO="21"/><ROW POS_ID="3" SMENA_ID="4402" CHECKNO="660274" SUMMA="41.00" EKR_CHECKNO="0" EKR_SUMMA="41.00" STAMP="20180924T14:05:20000" PUBLISHED="U" RET="0" M_MALE="0" M_AGE="0" ZAKAZNO="22"/><ROW POS_ID="3" SMENA_ID="4402" CHECKNO="660275" SUMMA="46.00" EKR_CHECKNO="0" EKR_SUMMA="46.00" STAMP="20180924T14:19:43000" PUBLISHED="U" RET="0" M_MALE="0" M_AGE="0" ZAKAZNO="23"/><ROW POS_ID="3" SMENA_ID="4402" CHECKNO="660276" SUMMA="46.00" EKR_CHECKNO="0" EKR_SUMMA="46.00" STAMP="20180924T14:21:54000" PUBLISHED="U" RET="0" M_MALE="0" M_AGE="0" ZAKAZNO="24"/></ROWDATA></DATAPACKET>