<?xml version="1.0" encoding="UTF-8" standalone="yes"?>  <DATAPACKET Version="2.0"><METADATA><FIELDS><FIELD attrname="POS_ID" fieldtype="i4" required="true"><PARAM Name="ORIGIN" Value="SMENY.POS_ID" Roundtrip="True"/></FIELD><FIELD attrname="SMENA_ID" fieldtype="i4" required="true"><PARAM Name="ORIGIN" Value="SMENY.SMENA_ID" Roundtrip="True"/></FIELD><FIELD attrname="DATEOPEN" fieldtype="dateTime"><PARAM Name="ORIGIN" Value="SMENY.DATEOPEN" Roundtrip="True"/></FIELD><FIELD attrname="DATECLOSE" fieldtype="dateTime"><PARAM Name="ORIGIN" Value="SMENY.DATECLOSE" Roundtrip="True"/></FIELD><FIELD attrname="CHIEF" fieldtype="i4"><PARAM Name="ORIGIN" Value="SMENY.CHIEF" Roundtrip="True"/></FIELD><FIELD attrname="ZOTCHENO" fieldtype="i4"><PARAM Name="ORIGIN" Value="SMENY.ZOTCHENO" Roundtrip="True"/></FIELD><FIELD attrname="PUBLISHED" fieldtype="string" required="true" SUBTYPE="FixedChar" WIDTH="1"><PARAM Name="ORIGIN" Value="SMENY.PUBLISHED" Roundtrip="True"/></FIELD></FIELDS><PARAMS/></METADATA><ROWDATA><ROW POS_ID="3" SMENA_ID="4402" DATEOPEN="20180924T08:15:44000" DATECLOSE="20180924T21:26:19000" CHIEF="469" PUBLISHED="U"/><ROW POS_ID="3" SMENA_ID="4403" DATEOPEN="20180925T08:47:28000" CHIEF="504" PUBLISHED="N"/></ROWDATA></DATAPACKET>