<?xml version="1.0" encoding="UTF-8" standalone="yes"?>  <DATAPACKET Version="2.0"><METADATA><FIELDS><FIELD attrname="POS_ID" fieldtype="i4" required="true"><PARAM Name="ORIGIN" Value="SMENY_TB.POS_ID" Roundtrip="True"/></FIELD><FIELD attrname="SMENA_ID" fieldtype="i4" required="true"><PARAM Name="ORIGIN" Value="SMENY_TB.SMENA_ID" Roundtrip="True"/></FIELD><FIELD attrname="PERSON_ID" fieldtype="i4" required="true"><PARAM Name="ORIGIN" Value="SMENY_TB.PERSON_ID" Roundtrip="True"/></FIELD><FIELD attrname="TIME_START" fieldtype="time"><PARAM Name="ORIGIN" Value="SMENY_TB.TIME_START" Roundtrip="True"/></FIELD><FIELD attrname="TIME_END" fieldtype="time"><PARAM Name="ORIGIN" Value="SMENY_TB.TIME_END" Roundtrip="True"/></FIELD><FIELD attrname="WORK_ID" fieldtype="i4" required="true"><PARAM Name="ORIGIN" Value="SMENY_TB.WORK_ID" Roundtrip="True"/></FIELD><FIELD attrname="PUBLISHED" fieldtype="string" required="true" SUBTYPE="FixedChar" WIDTH="1"><PARAM Name="ORIGIN" Value="SMENY_TB.PUBLISHED" Roundtrip="True"/></FIELD></FIELDS><PARAMS/></METADATA><ROWDATA><ROW POS_ID="3" SMENA_ID="4402" PERSON_ID="499" TIME_START="17:00:00000" TIME_END="21:30:00000" WORK_ID="1" PUBLISHED="N"/><ROW POS_ID="3" SMENA_ID="4402" PERSON_ID="469" TIME_START="09:20:00000" TIME_END="21:30:00000" WORK_ID="1" PUBLISHED="U"/><ROW POS_ID="3" SMENA_ID="4402" PERSON_ID="517" TIME_START="10:00:00000" TIME_END="17:00:00000" WORK_ID="2" PUBLISHED="U"/><ROW POS_ID="3" SMENA_ID="4403" PERSON_ID="472" TIME_START="08:30:00000" TIME_END="21:30:00000" WORK_ID="2" PUBLISHED="N"/><ROW POS_ID="3" SMENA_ID="4403" PERSON_ID="504" TIME_START="15:00:00000" TIME_END="21:30:00000" WORK_ID="1" PUBLISHED="N"/></ROWDATA></DATAPACKET>